chroma_stft,rmse,spectral_centroid,spectral_bandwidth,rolloff,zcr,mfcc1,mfcc2,mfcc3,mfcc4,mfcc5,mfcc6,mfcc7,mfcc8,mfcc9,mfcc10,mfcc11,mfcc12,mfcc13,mfcc14,mfcc15,mfcc16,mfcc17,mfcc18,mfcc19,mfcc20,label
0.43093038,0.19614176,1946.5344115984576,1979.7546736384302,3955.776079963235,0.09745368130804953,-67.805534,111.709366,-34.657303,61.341797,0.045184202,30.571089,-12.704326,21.166828,-13.134888,16.287798,-6.343268,12.295476,-12.483004,1.6834158,-5.147792,4.6469007,-6.918055,1.0482724,-4.7390184,-0.6583508,blues
0.37768537,0.11095126,2302.0756478879343,2367.7204426147664,5188.535292303599,0.09786448759191177,-159.56772,69.78482,-4.3918777,76.85114,3.9159114,45.167534,-4.8673506,32.200512,-9.796338,7.812509,-21.826963,9.682438,-2.5915868,3.3045363,-14.97044,10.23226,-4.0895286,-5.8507605,-2.4699993,6.66113,blues
0.2760109,0.09958247,1115.541195251936,1398.5093836910733,2290.3194840847523,0.04802843217879257,-248.98674,139.0672,-16.2825,57.117985,20.192656,10.188036,4.543979,0.33127695,-7.877949,-3.4479165,-2.6464887,-2.8313828,-0.90216726,-2.40172,2.5675025,-5.855444,-12.398049,-7.310066,-0.94395083,-2.6873755,blues
0.45287564,0.20081738,2030.3725287964605,1987.0908589175308,4062.6921001233554,0.10338599615421827,-58.001106,109.01412,-36.218388,64.04036,1.4301594,26.315119,-17.48268,20.431017,-9.543069,18.177134,-6.0571423,13.878271,-11.297563,4.6689973,-6.4106007,3.217723,-8.07923,-1.711487,-5.4247646,-2.5814152,blues
0.39630073,0.23509325,2061.202741434345,2085.186746503955,4221.307807662539,0.11339689555921052,-38.994843,112.03825,-31.817707,38.240677,-6.3206687,23.330563,-18.778877,23.932186,-10.934216,13.2348585,-14.38119,13.326929,-10.922,9.794658,-5.0327086,7.201395,-6.7550354,2.663087,-4.3824415,0.41451052,blues
0.45192987,0.14170721,2503.952796432079,2180.283243535687,5077.135965920085,0.16758439858262383,-82.48589,94.17034,-27.139204,75.66251,-27.52998,35.58903,-20.298962,25.121317,-15.379852,11.346787,-13.402287,8.153382,-8.504349,8.285463,-10.359799,-3.4602382,-5.2261515,-2.5911005,-8.365251,-6.9781165,blues
0.39237878,0.13766219,1810.9603368829585,2052.0430152756694,3927.2429191660217,0.07547951335139319,-145.42918,102.859566,-12.542129,56.96205,2.2472663,26.60704,-4.267031,17.337631,-7.9970326,15.232125,-6.9374757,7.460382,-10.468324,-2.352242,-6.785083,2.6685777,-4.77987,-0.94475806,0.03094388,-2.0021644,blues
0.39106515,0.06304374,918.3602069536549,1436.6652243994815,1601.531982421875,0.03231802075270898,-332.308,128.08076,28.825222,41.83606,31.23467,23.35822,5.787224,8.996202,-3.8611271,3.7389994,-0.86905813,-0.43693113,1.4746565,-1.5670481,-0.8314689,2.168971,-3.891913,-4.1972795,-5.9321833,-3.447435,blues
0.44319513,0.12533903,2310.1410834053427,2206.528237593986,4829.08746583543,0.12842590520994582,-90.70722,100.1076,-23.924427,52.588306,-20.928015,31.502182,-11.213113,20.094328,-10.915236,17.563923,-14.097334,12.994508,-11.420426,2.9118447,-12.017497,4.8276467,-11.16541,1.1622102,-3.9213324,3.2532017,blues
0.41425762,0.25794896,2333.7163897098894,2227.415627258667,4942.928444121275,0.12386319659442724,-2.551015,101.25788,-33.92729,41.518402,-13.815158,31.920723,-21.868599,24.458948,-15.881364,15.794475,-14.372409,12.507439,-13.373966,6.112749,-9.069669,5.033294,-11.333124,3.168494,-4.5717,-4.0338826,blues
0.30644202,0.1134315,1156.2023631215009,1497.7588839195664,2170.511875211639,0.05861340218653251,-233.85754,136.17209,3.2713234,48.93121,8.685141,13.979506,5.354872,0.39086574,-13.504571,16.856104,5.130941,-2.231882,3.964035,5.3183603,0.81226647,-1.0979146,-4.539752,-2.4347858,3.3134487,-0.61427885,blues
0.2658965,0.1680856,1513.5200525685514,2140.7028237761865,3449.8458059210525,0.044378038530379256,-192.69383,111.18816,21.373314,26.392143,-0.6483718,23.480877,-25.470795,16.924427,-16.979984,5.790148,-25.725245,-5.045355,-17.632242,-7.92087,-15.150279,-12.345929,-17.235107,-7.7819347,-13.04201,-17.948874,blues
0.3778739,0.14201057,1006.8779768813248,1530.6145862499275,2075.0707856641834,0.03206556574109907,-194.27953,151.85118,-1.1928859,39.1946,16.582487,18.252386,-1.3991599,14.877709,-11.616781,2.448876,-5.079173,3.9416006,-0.90378374,0.6356104,-8.353415,-7.51325,-8.047445,-5.4091473,-2.5346594,0.12955047,blues
0.30859816,0.0915404,1835.5070084014953,1748.3674767249413,3581.003346162684,0.1015001421004257,-160.29187,126.19576,-35.602493,22.151167,-32.487637,10.862019,-23.357159,0.5005194,-11.804768,1.2038745,-13.085072,-2.8098514,-6.935618,-7.5592966,-9.17215,-4.51041,-5.453735,-0.92446864,-4.4080753,-11.701835,blues
0.4328375,0.15775262,2032.120014161525,1976.2784101797834,4023.509003724845,0.11316673822078173,-98.69757,104.80118,-35.10867,60.695045,-2.8393264,22.231003,-7.8374553,19.030722,-11.578802,17.021759,-5.387351,12.199111,-9.960819,0.35878715,-4.261345,6.1379223,-4.8302393,1.499523,-1.4942462,3.505638,blues
0.37941048,0.12392563,2148.749819335174,2204.3524129166544,4673.621739248742,0.09881232766544118,-106.34815,102.64147,-20.172256,59.37521,-9.967276,33.70612,-14.182173,23.516733,-13.329083,16.026068,-18.923176,7.831765,-7.800382,4.050435,-11.348729,2.0717604,-5.7422733,0.4652962,-1.9167923,-3.1317544,blues
0.42432162,0.17587894,1886.705706255258,1913.2319286636473,3828.0685188600523,0.08992387045278638,-92.76854,115.34079,-35.060043,57.853596,1.8453208,26.61206,-14.544862,22.132044,-8.207084,11.007707,-5.644093,7.272861,-10.202147,1.3271266,-4.1067214,0.97495914,-6.5505667,-0.68358815,-2.1250014,-1.5218058,blues
0.33906072,0.098878264,1443.2688618053,1670.2395750483747,3069.306440323868,0.06719384916795666,-225.30031,117.64152,-14.544604,64.80238,12.931661,19.029236,10.688537,9.883124,-2.3828366,11.688008,1.5453446,3.049367,-7.628483,-8.961093,-4.351271,-0.06528485,-2.5532413,-3.4369276,-3.8674524,1.3170224,blues
0.2536384,0.1515323,1331.0365912698594,1973.6486462859361,2900.174129710478,0.04296723829334365,-221.83113,110.83949,18.616823,30.920137,3.2959242,22.587362,-20.416351,12.118736,-26.350502,-4.367486,-26.413198,-13.045102,-12.654766,-1.8243444,-7.2586946,-6.661086,-14.686605,-11.720062,-11.023768,-13.388403,blues
0.28824988,0.17330876,1507.1047288496127,2096.717628469328,3405.4127412683824,0.045430186363196595,-171.8102,120.280624,15.3275385,21.09045,-5.419296,24.189466,-24.138222,18.551981,-22.348904,1.3031769,-20.763931,-4.988853,-17.118925,-7.886534,-15.308929,-9.3513155,-8.913866,-8.52509,-14.333635,-19.933725,blues
0.38791004,0.1025371,1912.443629773089,2361.3904727614045,4776.687782689145,0.05842595056114551,-182.66502,90.68653,14.118149,67.55459,2.6876135,38.43161,-8.420624,24.123554,-13.787508,4.8449674,-16.67662,5.8230767,-5.149287,0.19378638,-14.486603,6.8648005,-4.4448295,-2.9868796,-4.821168,5.3993225,blues
0.27401423,0.08132098,1817.529546414671,1973.69030921519,3944.584480970637,0.0792153184258901,-213.20456,115.15454,-11.720499,39.03255,-20.357817,13.089922,-9.180811,9.023635,-14.10102,4.283334,-6.044193,3.7863648,0.22369006,-5.114483,-0.41453502,-1.1849003,-1.918338,-2.2957973,2.8912308,-4.234534,blues
0.280554,0.124669306,1649.2877536970097,2190.221833503233,3761.610587388738,0.05292636174535604,-233.75082,101.178276,17.649769,23.733778,2.0820346,25.941927,-16.958849,15.098034,-22.278715,4.395122,-23.207403,-6.0571766,-5.0688567,1.0673915,-5.785367,-8.3111315,-11.389136,-6.72795,-10.025587,-14.032896,blues
0.30702657,0.10387338,2595.2893633321164,2519.1202667337648,5660.282439713139,0.12924562814434984,-118.68194,87.62362,6.558795,45.098053,-38.915707,20.813005,-26.863337,13.798007,-17.23861,5.1101565,-15.709853,3.9818418,-27.549046,3.0477695,-15.956566,10.867772,-12.65191,2.8237088,-13.335965,-4.3752904,blues
0.3486931,0.052771624,798.568445037982,1284.9474803692003,1455.816196878628,0.025639678671633127,-346.8869,139.24796,24.084867,22.264017,18.647842,11.657903,9.01768,6.977828,-2.0233011,5.420398,1.6508173,-2.3530064,3.1936395,0.70529974,-3.0921323,-2.1101785,-2.2120812,-4.576663,-4.7266884,0.059274893,blues
0.38709408,0.12912002,2390.7715766040615,2463.374815737768,5403.758990875339,0.10228887504837461,-107.18975,88.47058,-4.1777873,55.48549,-8.01038,38.416542,-6.402575,28.576523,-19.820787,13.252739,-19.23979,12.076225,-4.583088,3.7897155,-16.9937,11.624961,-7.362244,-3.6578157,-7.179123,1.9747288,blues
0.29140565,0.1416879,1459.0353761872718,1388.7255154687855,2795.67476160386,0.07302790308146284,-190.17503,130.29242,-36.348465,33.029087,11.085684,-0.596374,-20.882357,0.27711448,-6.5008693,-5.5156245,-7.8452888,-3.1236002,-6.595715,-9.947578,-6.5409255,-10.071382,-10.912119,-6.970003,-3.4485128,-6.4984574,blues
0.36356184,0.17549369,1552.6377863181908,1747.3820283016653,3041.0899442784926,0.07630074799245357,-90.77635,140.44861,-29.10056,31.68734,-13.97597,25.741686,-13.6447115,11.623112,-11.775919,9.700464,-13.115349,5.7857623,-8.899733,-1.0870246,-9.216774,2.4536479,-7.721793,-1.8164977,-3.4343534,-2.231392,blues
0.3748415,0.11046952,2340.3362115325717,2256.322435520963,4972.26993336397,0.1217751517753483,-116.546364,97.444626,-13.895614,48.974857,-22.594566,27.76544,-20.240068,18.63935,-14.6516695,8.481434,-16.655897,11.001678,-13.869425,9.742047,-5.094329,2.6373715,-9.890765,6.160115,-7.689135,-4.8510094,blues
0.39904937,0.12724723,2155.6312958781195,2372.2914028592495,5011.978026587896,0.08716538373161764,-109.195,100.62705,-8.620549,47.36422,-6.559236,39.620792,-8.5239935,29.564737,-16.583515,13.170685,-24.20932,6.5919027,-8.641899,4.9175653,-15.442783,1.5376112,-6.739273,1.4151812,-3.9658134,3.2878766,blues
0.39016002,0.136178,2279.265543032408,2375.0847954510327,5198.476898854731,0.09257049088138544,-109.53235,86.9265,-8.624988,64.4895,-6.306032,43.64582,-8.293101,28.546427,-14.08159,8.136633,-21.490425,11.086615,-5.094466,3.9787703,-12.864775,12.342426,0.020587295,-0.73924005,-5.13045,3.3071296,blues
0.31538674,0.15017585,1312.3500760815823,1674.1613162853585,2637.734049983069,0.059416496347716716,-180.14876,131.41078,0.5733375,43.165672,14.135558,25.621378,-5.315873,12.0343275,-13.538714,-1.0941228,-7.614391,2.7180738,0.7742726,1.9981459,-6.090059,3.4880545,-8.33755,3.2056518,-0.9303993,-2.2530375,blues
0.2647263,0.11318897,1324.3317542217217,1827.3844642890322,2710.3669441152283,0.051417300575657895,-209.78221,124.465935,10.285807,47.030174,6.482387,15.417021,-2.0100763,6.7357855,-21.54862,10.7284975,-5.5324316,-2.202039,-3.0517263,8.644019,-0.31084502,-0.6361453,-2.9359376,-1.7065976,-1.7654225,-7.755964,blues
0.23319606,0.19774859,1247.4080160193944,1907.7056718339709,2621.5758143563758,0.03690378289473684,-200.19609,116.34015,18.00621,25.31356,0.2917356,24.192478,-22.255909,11.186424,-26.848732,-7.638461,-24.889929,-12.015528,-17.017954,-8.120277,-11.956443,-12.609151,-14.181589,-8.206693,-15.028046,-10.32706,blues
0.33793774,0.12903935,2258.530501284298,2175.8838042087823,4755.35457835478,0.11276500217685759,-95.46325,101.38038,-20.697004,48.66807,-30.27181,20.812761,-18.313585,14.14687,-12.79889,13.44428,-14.0782,7.7326555,-19.232273,2.8622487,-9.816176,6.9179144,-11.309343,8.943026,-2.9608872,-0.97386545,blues
0.39779356,0.13483502,2272.517619263623,2356.8453843678935,5108.277444278493,0.09765700585332818,-110.284325,90.705605,-2.5283103,74.05274,-11.746768,39.214577,-13.1743,20.531586,-17.167608,12.827254,-21.434446,5.9521317,-8.032604,4.2432756,-16.482641,6.545286,-5.6936355,-3.637853,-4.8576026,1.8532666,blues
0.3778906,0.13184188,1613.4333911575964,1972.2597417173224,3470.72901297649,0.058235853449109906,-177.48735,115.33375,9.963018,54.05621,7.6156244,28.31573,-9.0702095,20.05844,-15.0455475,6.22249,-5.688929,1.3798938,-5.843505,5.011321,-0.7552954,5.057276,-5.0843964,-2.79717,2.4293892,-5.372906,blues
0.40899816,0.14236063,1719.2739373344168,2031.6873439502422,3781.5188003398316,0.06402757957623839,-121.387115,122.505394,-14.739392,46.135296,-8.160383,20.17051,-19.16932,23.050188,-11.825938,21.17341,-6.7202907,7.0050173,-12.739909,5.0642085,-5.1730747,-1.4469957,-7.036928,2.6948743,3.4093332,-2.6991913,blues
0.3226874,0.10612649,2159.5483196611644,2130.34934530605,4685.038336880805,0.0983489895752709,-133.0444,105.72739,-22.146265,41.81865,-26.996668,19.124523,-26.56932,19.24604,-15.334524,6.989654,-10.818551,6.7937427,-11.729828,4.4009395,-6.044506,1.9662828,-12.326304,3.255043,-8.811427,-3.3753586,blues
0.2762682,0.101156905,1309.6646971460584,1883.0626115012408,2765.658276442773,0.03939318583107585,-288.8077,105.89604,18.777044,23.710388,5.7118855,25.549088,-13.473757,12.42897,-11.942031,1.5714232,-15.635908,-6.6506176,-11.713253,-2.93839,-7.372579,-15.697483,-10.9741535,-10.8895445,-18.505476,-19.103352,blues
0.36996734,0.18706326,1388.4454872380973,1772.8422645104083,2754.6166765431503,0.05714742465654025,-130.58154,139.9749,-1.2707342,39.310425,-6.353664,19.767843,-11.213425,27.243687,-16.53454,7.0218782,-1.200406,1.6136358,-6.6290402,4.9524612,-1.6338685,0.95396334,-4.8416095,-5.9705896,-2.78672,-6.4928164,blues
0.34995052,0.130192,1784.416545970319,2002.6571063943209,3806.4186497738488,0.08306639113293343,-113.619385,121.55303,-19.151056,42.345764,-6.371165,18.61303,-13.692058,15.339376,-12.283616,10.973773,-8.322408,8.806785,-3.6658,5.7459364,-5.1617093,0.7502961,-1.6883564,-0.4093301,-2.2988677,1.2199459,blues
0.29269594,0.10030478,2816.7459196931127,2372.144439490832,5614.507716506628,0.14631846519446595,-118.37033,74.86732,-19.869467,46.947586,-32.569054,23.835135,-26.374111,17.692513,-13.8262415,11.946738,-17.888777,7.5559807,-22.900583,4.7644157,-12.797208,5.6202645,-14.7387495,6.682401,-9.169971,-2.2361948,blues
0.39371133,0.19665055,1977.1089040094187,1927.4390139416107,3942.8761579672987,0.1066270952254257,-55.596634,114.95122,-37.06935,64.90438,-7.164941,15.2547,-16.235329,18.643574,-9.752284,21.465387,-5.652096,12.784237,-16.53703,3.7970772,-7.8952403,8.477639,-4.0678973,3.2060158,-5.180141,-1.280048,blues
0.26061335,0.05132765,1132.5184226709684,1582.765487529276,2066.2458390274282,0.048313766810178016,-314.58218,139.91444,11.862519,30.102106,-7.539034,14.907039,-2.6808977,6.701543,-6.395508,2.8176126,-11.706481,2.0630274,-11.438628,-9.510529,-15.186693,-9.362389,-5.6654935,1.562117,0.89712536,-7.9567266,blues
0.30279943,0.07535405,1389.9522837601053,1911.3143992689456,3005.7401580338137,0.05256015080785604,-230.42657,127.10053,7.1453567,39.78432,1.9449438,17.40534,-5.6394277,8.25213,-18.104385,13.842513,-3.7609122,2.571859,-4.3208046,6.8123913,-6.159838,-6.2154555,-4.5115924,-1.8506052,-0.53948605,1.5043968,blues
0.3752842,0.19820397,1236.606352338598,1602.3014812209672,2604.350918512964,0.04462595842202012,-148.6477,145.73776,-9.363345,48.451447,10.543871,18.014603,-2.6345775,16.958082,-11.506823,8.731703,-8.173254,3.2235348,-0.6797582,-0.7301858,-6.821439,-3.9379218,-15.737845,-5.5963693,-5.7979054,-0.047467966,blues
0.27759212,0.08856345,1318.6237037811225,1904.407867651936,3046.8565760751258,0.03997292533378483,-255.97383,110.82752,21.460575,67.588135,4.2883134,43.11846,-4.508347,10.442596,-8.718592,1.6548887,-20.58779,-2.4306755,-7.14406,-11.172764,-12.612457,2.7417219,-8.942421,-7.9461584,-2.353834,-0.71479577,blues
0.3052495,0.12049466,2429.3359591758494,2286.6949825737365,5065.152705047891,0.13468663832720587,-89.391495,93.787796,-14.57109,54.391533,-33.51502,19.421158,-19.763674,13.022463,-13.869496,14.611718,-14.970264,10.589298,-18.023413,6.658279,-10.205867,6.529359,-10.848846,3.3216314,-6.18753,2.9994204,blues
0.3073145,0.13174523,1451.8494584581754,1577.5518583197493,2955.7654602239745,0.06143500266060371,-179.42009,136.4421,-26.644331,39.979588,5.3018193,10.921232,-20.555344,8.507475,-11.354358,-3.4691,-8.414112,-6.9569783,-3.5483482,-8.051683,-8.960484,-8.421078,-10.5585985,-10.790194,-4.700795,-8.638816,blues
0.3777357,0.06589097,570.1506880585581,995.0934725815811,928.8527166880322,0.021700549051857584,-350.3589,169.54633,31.780243,16.713753,28.661757,19.249092,7.8467007,10.039793,4.742697,2.9156225,3.8965425,1.8103495,-5.970981,-5.258749,-0.2288826,-1.775327,-3.7088404,0.17516965,2.0766783,-2.8920043,blues
0.2693326,0.11902389,1361.1004062354928,1567.6007717770153,2739.791766187355,0.06912392064144737,-207.20874,132.79709,-15.460705,60.994865,0.71024305,12.461278,1.1609293,-1.527896,-17.901815,8.369233,-2.4538174,-0.59669,0.36881763,2.605227,-5.193014,-9.530151,-9.2374,-2.840676,-1.4114445,-5.9310284,blues
0.36558747,0.2189702,2645.5300364910313,2426.0057919712367,5611.974398491921,0.1364685625483746,-52.701164,74.455414,-18.715458,56.307217,-3.959326,31.987156,-16.45779,22.41769,-12.262029,27.228352,-9.233885,7.8071017,-10.567175,6.944951,-9.136492,13.022678,-9.857319,3.6924508,-4.954326,4.422499,blues
0.2895239,0.103048086,2513.747081320468,2345.239509313882,5247.468269277283,0.13514619715073528,-113.194756,88.70587,-8.925185,49.482693,-34.573833,15.864125,-17.744791,14.710542,-11.201999,15.367768,-15.07657,8.747663,-18.63179,5.4699717,-9.263917,8.01712,-9.552175,5.8719983,-4.401514,3.614706,blues
0.3767154,0.14092092,1239.687998670662,1659.9856287006803,2519.0431010243324,0.05090785543246904,-206.28116,126.620346,10.590666,43.21572,12.494901,19.41366,0.3519689,12.730944,-4.579289,4.058011,-4.409212,3.6634223,-1.4560467,-1.7015556,-7.1546535,1.1864164,-6.2258005,0.6012725,-1.6042643,-0.53922045,blues
0.41249087,0.16826628,2171.1586190945404,1954.1375650548994,4237.0993788397345,0.13280229598006965,-76.75777,105.77048,-43.20883,60.950108,-8.791269,21.24678,-12.877673,18.621214,-11.399114,14.5500555,-6.0574193,12.740338,-9.374364,1.3606224,-3.6204445,7.0045767,-4.063,-0.26886106,-3.7049398,-0.49661264,blues
0.33248457,0.11736054,2553.2225631938227,2280.079407033503,5148.04387048302,0.14685171971749225,-85.17354,88.81206,-16.331642,59.223236,-35.993603,14.391535,-22.306257,9.651896,-14.823916,11.181605,-14.808832,8.478196,-19.590893,6.4134293,-13.782541,6.1157637,-13.154796,3.9341364,-7.6171,3.7527037,blues
0.32904088,0.06693625,1172.2763008557504,1705.8583767615448,2345.777482071159,0.045045834945820436,-305.69858,113.04164,12.114906,45.03944,17.739248,14.594624,4.1571336,0.24009341,-7.013084,13.649842,8.92306,1.3016883,5.9521303,8.542282,1.1171259,0.5882196,0.06007678,-3.7065184,-1.001885,-1.804412,blues
0.27034655,0.080638945,1420.4114787701458,1730.9171016184662,2930.240614569224,0.0637176797116873,-238.53307,120.08829,-4.2245536,42.310043,5.916331,13.914181,5.3575783,1.9037077,-16.92988,12.33931,3.9409614,-1.3906778,0.014792947,3.5804949,-4.504993,-5.5419526,-6.883077,-4.826391,1.7385828,-1.8840168,blues
0.25535825,0.08583747,1151.3780299215705,1709.3165900923666,2312.5276831281444,0.03533878857875387,-301.70715,111.53472,21.896412,16.14818,8.196242,22.085075,-8.614953,1.4815567,-17.084373,-8.345811,-17.013063,-10.575622,-15.689096,-12.605565,-12.253903,-14.553244,-10.10251,-5.785536,-7.775144,-7.1861963,blues
0.40887603,0.24310125,2206.7704721917903,2191.456936364498,4657.321837812016,0.11152578064531733,-29.039146,104.53733,-30.978956,38.15443,-7.991592,30.89167,-20.596235,25.83078,-12.959671,16.941612,-12.263682,10.786708,-10.564546,6.8762565,-10.298928,6.9682097,-10.25661,0.7044417,-6.0065007,1.3486153,blues
0.3802828,0.24817622,2116.8942510812694,1956.5811797368515,4195.97462751548,0.12727247303115324,-26.955238,107.34024,-46.812206,40.932655,-21.469862,24.816854,-18.9477,15.260987,-15.0442505,12.270949,-15.239539,14.331287,-13.830045,7.565649,-6.1833706,0.3322103,-6.835121,0.9706784,-7.571379,2.9214704,blues
0.40090895,0.18233933,1945.6207939267476,2082.1764771287803,4175.766416378435,0.08580598152089783,-83.00169,107.06744,-25.32368,57.122074,0.08130001,34.708904,-11.047215,20.53328,-11.220151,14.839782,-10.229965,12.542858,-9.772625,2.56052,-6.2987485,3.008488,-8.717001,-0.32524684,-2.984734,0.71461624,blues
0.30241403,0.10343772,1831.9900685948742,1729.4562589469804,3480.8539517523704,0.09403986975135449,-177.88876,118.18953,-17.550724,30.753096,-21.732101,11.898541,-20.732279,3.1761656,-8.575768,-0.940187,-11.773797,-2.4260776,-9.342486,-9.9470825,-3.9053469,-5.5685415,-1.8399688,-2.7841752,-3.0461128,-8.115228,blues
0.2700793,0.07964064,1537.56091926741,2054.224165444145,3495.4621967516446,0.056131935710139316,-252.5188,104.93699,15.31683,42.673477,6.7626195,21.623575,-1.3132755,5.6919317,-16.619516,12.161626,-1.9679488,1.9697641,-0.88895756,7.771046,2.3869524,1.7799876,1.3449872,3.6371126,4.910808,-2.655404,blues
0.4273561,0.25118035,2314.8192389666888,2261.702666159041,5036.269546367066,0.11795053393479102,-19.89355,98.89589,-24.47666,49.585854,-16.200876,30.19781,-18.029512,27.554832,-11.405636,14.877994,-8.908682,11.671263,-10.886021,9.310545,-5.832061,9.2586565,-4.049496,3.2510264,-3.4661634,2.3792582,blues
0.40484834,0.14113921,1070.1100585189854,1596.244204184935,2185.0617872303114,0.03330894446594427,-199.462,150.09474,5.649169,26.870144,1.7554425,14.236878,-4.8288717,9.297849,-0.75314105,8.147393,-3.1952355,6.085354,-2.476188,-1.076225,-2.8760562,0.7769087,-3.3200555,0.6372627,-0.61750674,-3.40694,blues
0.4297208,0.14830446,1739.0461604116058,2290.4006079789,4551.180812965606,0.048051863631965945,-163.24313,89.78489,12.977464,80.69249,3.6667783,39.745125,-5.400376,26.49867,-13.163734,2.7070107,-20.552906,6.007187,-2.9081297,-0.43483722,-17.54537,4.1541667,-5.990097,-7.862037,-8.565293,1.8571702,blues
0.2621187,0.13591798,1536.7310778930728,2157.0586117243593,3600.91989239672,0.04570040392801858,-217.23868,105.792366,15.617073,25.256382,-1.440273,30.18982,-17.71522,17.318172,-27.209528,4.3391666,-20.059492,-10.695945,-14.220667,-5.156218,-3.4732654,-6.189414,-15.326929,-6.845921,-9.82767,-13.943093,blues
0.30396512,0.14286481,1410.675357056213,1512.9717892723413,2767.5082652561437,0.06298072271671827,-173.71588,137.14024,-23.767641,26.991734,-16.687656,4.2143703,-12.582615,5.854557,-2.8846707,-1.186683,-1.9771526,1.8001537,-3.0044105,-1.8699366,-0.79626805,-3.0132642,-0.43592545,-2.0018098,-0.74663883,-5.001238,blues
0.33039847,0.096282795,2839.267572265232,2443.9434801361367,5710.907133592541,0.15435583155959753,-129.114,72.11977,-7.765846,49.26091,-32.721977,21.608435,-27.37464,15.002844,-10.258775,12.437438,-17.034569,7.118172,-18.020405,2.9276595,-14.486263,4.0620623,-14.537419,7.258291,-8.20802,-1.998107,blues
0.367174,0.19690311,2515.8691600222824,2531.4200010553727,5771.615099833108,0.12091612446787926,-56.032894,87.840675,-1.6012405,41.205364,-5.620271,27.784927,-24.002584,21.768122,-18.42899,12.328122,-13.717032,11.850821,-3.982272,7.09853,-4.468586,5.122545,-6.6523604,5.871457,-3.696402,-1.9647623,blues
0.27866608,0.076938555,1198.754498572217,1573.0851132732241,2478.8266775408765,0.051987591911764705,-284.69736,108.80518,9.088289,51.222736,18.091763,7.612257,8.779501,2.3628283,0.005785868,2.250967,4.2050986,-3.2933161,1.6082976,2.665782,3.3244853,3.2600784,-4.5583105,0.47801903,5.929787,3.2283406,blues
0.30223948,0.09325911,1088.7781161784512,1410.8359525015335,2134.7537581027477,0.04832397083010836,-245.75414,140.48093,-2.7714365,60.42012,18.925404,9.837098,3.5665793,0.5361861,-16.36736,6.629854,7.26915,-4.0157313,1.607454,5.8986816,-3.017608,-4.7748995,-3.0270705,-1.9985329,-0.0587594,-3.9718897,blues
0.3211421,0.101118095,1046.7275070203577,1480.5791610107556,1831.1222607875386,0.04793735185274768,-264.67847,138.85835,11.156029,48.538254,14.895931,20.584362,3.2051477,1.2625836,-15.847018,15.986573,3.3616748,-1.5137436,1.8921571,6.31192,-0.9948609,-2.4167254,-3.684751,0.49939722,5.0507474,-0.78670275,blues
0.30829644,0.08141902,1455.0424713768246,1825.9090251785303,3009.9651324859715,0.061350725014512386,-233.79492,120.66705,-3.1675596,39.539272,3.8588562,18.839672,-3.6889164,4.4318438,-14.975372,17.571033,1.8447455,2.538606,-1.238685,8.439363,-0.20983797,-3.906786,-4.478641,-0.012232836,1.2932656,-2.0874295,blues
0.42194936,0.09938009,991.1502533354555,1396.2619542380908,1943.2882492018189,0.03605269204721362,-236.38347,161.695,-1.1533324,27.288706,9.581354,20.619043,0.23412892,13.796684,-0.5009188,10.185429,-4.454618,5.508088,-3.7167213,-0.8915273,-4.9048114,-2.8723428,-3.7585263,-3.3457863,-2.4161057,-3.7838304,blues
0.31181914,0.10619286,2279.808618295741,2119.6717332041376,4732.271384602361,0.11714895148026316,-144.99367,95.74281,-21.61032,49.629715,-29.898346,29.358595,-18.849941,17.890139,-9.674271,5.513567,-9.554562,6.3690124,-21.091816,2.4598286,-9.537454,-1.415344,-9.3269415,5.140728,-8.113003,-2.4492157,blues
0.40606847,0.16994148,2235.921973430139,2100.0368055794934,4390.048453977603,0.14228825524864552,-86.250984,91.9421,-23.4035,68.249504,-3.890127,22.742178,-9.895618,16.891766,-11.393833,18.429016,-7.011848,10.766727,-11.93729,1.002573,-5.922303,5.3141856,-6.1398444,1.9491445,-5.0979905,-0.6654883,blues
0.46645755,0.19203044,2225.176865828166,2255.135044259995,4703.588224712171,0.10858664497871517,-86.33549,92.7005,-15.399187,54.052013,0.8667883,31.560293,-14.622711,23.325447,-14.978637,15.339354,-7.049361,12.182225,-6.110912,7.021336,-5.812697,7.440921,-6.0741916,3.3776984,-4.278612,1.2500923,blues
0.3409451,0.095891684,1529.8713140945188,2038.6121427572907,3548.9868730952494,0.056044256724071206,-207.58151,123.99715,8.93912,35.870754,2.9199748,21.518785,-8.555366,23.355936,-10.101035,11.906443,-5.5581207,5.3759403,-2.2378309,4.2171235,-6.0110464,0.9326669,-0.71702677,0.29233262,-0.28571615,0.5321438,blues
0.2573595,0.09763429,1195.4133983085592,1480.9442638678327,2235.2114839819565,0.05887114817143963,-236.6889,138.4043,-4.9235735,47.647713,5.1523795,8.895282,0.4828585,-3.80167,-14.974891,10.432586,-0.35396025,0.7883449,1.7829309,4.230211,-0.47101676,-6.1056547,-5.387078,-1.3430604,-3.7227938,-4.3624997,blues
0.35666835,0.16195586,2068.327653288622,2033.7527183133286,4231.51607926785,0.10437162889415634,-95.45586,105.22938,-26.962673,60.83699,-4.8472943,21.54521,-13.523774,12.135234,-20.232872,12.151344,-5.2297525,10.264026,-9.45371,3.8617468,-10.19307,3.5858996,-3.0982795,0.20068043,0.84103054,-3.4205227,blues
0.2486835,0.069129966,1188.1011591132924,1682.7073903752769,2339.3941873367357,0.04816032858455882,-328.68088,102.71113,19.895554,26.732681,7.151483,22.704802,-6.974326,12.781992,-10.7257805,-0.4336618,-12.373165,-8.907054,-9.240109,-9.106374,-9.001113,-7.6363463,-7.1891546,-9.366816,-4.469685,-3.6831248,blues
0.33674198,0.15801172,1441.9992540972155,1870.2391907800102,3083.26468925358,0.050889337025928794,-155.51653,125.655754,1.5753258,45.82987,0.9089981,25.39124,-10.81349,15.574146,-11.929204,1.2717756,-6.661501,-0.7791272,-7.7492228,0.41930538,-7.02963,4.009107,-6.266028,0.951333,2.006462,-5.7357635,blues
0.3388864,0.25125322,2141.332015271235,2167.7740825306,4627.63035068571,0.10515129160216719,-29.400257,108.69148,-25.5899,38.440144,-18.353867,21.7857,-25.172714,22.406967,-17.606058,14.675621,-12.086358,5.46219,-7.70603,7.410017,-11.327915,7.2359214,-9.470523,1.9366976,-6.331344,-1.3017339,blues
0.34202734,0.2596552,2094.775833910308,2158.1057474122117,4482.2562297431305,0.10056968665344428,-30.129288,103.7448,-19.765732,56.411625,-12.72487,20.194227,-17.348097,16.309156,-18.444427,8.932052,-11.661623,11.210426,-8.851257,9.101229,-3.5740452,4.3848853,-2.830827,4.726116,0.48242405,1.477394,blues
0.28072098,0.101914905,1210.4571260262846,1498.054609339013,2522.5430798604393,0.052482675841718264,-227.26886,137.7307,-14.4934635,63.555702,5.612646,11.984635,1.885557,-1.8633814,-7.620551,-2.4471786,-2.8867216,-9.429532,-10.92391,3.5625563,4.1377068,0.09554359,-2.9725456,-1.3788745,7.541175,-3.037462,blues
0.2909807,0.089179605,1109.721378629315,1463.539070397656,2243.744765715702,0.05172493288022446,-249.2894,130.98703,0.67739195,66.68578,17.897808,4.6237345,6.598311,1.2490478,1.4163913,-1.5791433,-0.96266246,-3.5719957,-2.9279819,4.596819,7.4789004,-0.18313614,-2.8253274,-2.6788445,0.74854666,-0.5342598,blues
0.37024575,0.10503796,1538.9317922233738,1703.6876933572125,3175.4391318873354,0.07479924535603716,-177.19164,136.2142,-26.91071,36.37278,-18.759424,20.905869,-1.7765713,3.015929,-5.5994062,5.6345925,-8.1148,5.6453815,-10.786547,-2.41614,-6.9424057,-2.5090008,-5.2078204,-3.4113274,-3.2499485,-2.6840248,blues
0.36590296,0.12492373,1245.5817719137372,1634.2884053266514,2517.6097763581174,0.04882661329334365,-212.8154,139.06923,9.454345,35.44627,12.709547,20.417665,-5.5739527,10.893662,-8.731712,8.055455,0.16379786,2.6417463,-1.0257345,-1.4032183,-4.7048326,1.1418109,-9.476273,-2.1909125,-4.0981097,-3.3432798,blues
0.36825618,0.24234188,1827.1513096464714,1898.4550593881818,3743.635696080447,0.09403873597136223,-54.747242,119.48588,-34.86474,37.537148,-15.886233,22.081097,-14.668315,18.534313,-9.643757,11.258853,-11.732051,11.539119,-6.4307184,1.7856671,-5.8762527,0.38029054,-9.063585,-2.0153263,-5.416969,0.028835699,blues
0.29198298,0.11654019,2370.9632922676196,2209.514583707105,5004.08640764077,0.12514096664570434,-121.42954,96.12303,-19.616804,48.020565,-38.80819,24.758066,-32.945824,8.104194,-17.81152,6.113285,-19.998335,6.7939243,-19.340662,-0.10921273,-12.248764,-4.920231,-10.407991,-2.0489697,-1.7652127,-3.9528503,blues
0.33643755,0.11219596,2013.364449506875,2310.256346927857,4849.570675309597,0.07534497145897832,-149.97589,93.640755,6.336245,71.51115,-8.113177,36.21202,-9.784972,17.641598,-21.119005,-0.12590423,-22.20099,5.4356627,-7.467778,-4.3329654,-12.409766,9.624794,-5.02424,-3.7063138,2.3359408,4.1622434,blues
0.26310804,0.08696161,1120.3909802285903,1447.85262505518,2325.127606938129,0.047297899937113,-274.31186,130.41371,-6.392792,70.40501,13.269149,9.461278,7.7256455,-1.2474943,-0.577586,-2.30259,3.783148,0.08482309,-0.9394367,2.2965152,4.2883782,-1.6618611,-10.444596,-6.7975326,-1.0660524,-1.5959941,blues
0.36580706,0.065684564,1353.3291189300633,1757.3310044069237,2882.31590436339,0.04395891785990712,-287.92355,123.97102,5.4561305,33.68454,1.0892065,14.704719,-4.8986034,8.653274,0.78280014,6.5667343,-4.8794384,-3.18066,-5.5570025,-6.786622,-2.644233,-2.9824317,-3.3811383,-1.8614973,1.8359201,-4.896512,blues
0.26312938,0.17003015,1378.96577648813,2003.5852163311854,3015.0567683642125,0.03937580120452786,-206.96808,117.792984,23.235884,28.297827,-1.1239139,18.862036,-21.949682,17.849985,-25.585644,2.1299243,-17.794416,-8.015904,-17.607277,-8.139439,-8.648126,-15.528326,-15.317337,-9.663831,-10.0986805,-17.833735,blues
0.42153448,0.2707483,2443.2389164951205,2358.384491758394,5267.559814453125,0.12473545133513932,-3.559071,92.9278,-25.118544,45.187214,-10.871894,31.862423,-18.057922,28.628012,-10.234053,14.673487,-14.906988,14.751648,-15.609783,9.549894,-14.798732,2.074836,-13.824648,3.571469,-5.971642,-1.6474394,blues
0.28870454,0.09572528,1391.4439037459135,1494.8508338204408,2811.1413347462753,0.07235897288602941,-228.25067,130.3444,-23.291285,70.1721,1.1422764,7.6024437,0.9099431,1.9782467,-6.167004,-9.396027,-2.5628378,-4.5228963,-0.26294905,0.17933339,-1.5074475,1.4652524,-6.971849,-8.322179,4.2389517,0.9814873,blues
0.26082012,0.13312429,1430.5981944868504,2075.6524158312614,3246.7553673144835,0.04196988982681889,-239.0381,108.65722,34.151897,30.23917,-0.475742,27.292637,-21.379398,14.150509,-24.510178,-1.8840472,-28.050291,-11.256652,-16.47693,-7.637186,-12.799123,-15.357242,-13.729804,-7.3977785,-10.089321,-13.29154,blues
0.24567787,0.038869526,1278.574558748878,1311.8194362471925,2233.2198293585525,0.08174818292859908,-319.33243,143.66473,-31.164366,10.908862,-5.553889,-4.265033,-8.952559,-5.5834904,-8.020538,2.3426127,-4.4772706,-0.31978717,0.9748618,1.1464473,-0.48819187,-1.3061252,0.13897383,1.496065,3.7090788,3.0729024,classical
0.23910888,0.018668028,1158.0012026973075,1320.9789237314496,2182.0034723901895,0.07066888484423374,-405.68314,145.69487,-0.8267218,23.067648,9.225311,-2.6439395,-5.7504725,-2.0919259,-0.6470623,6.759229,2.8076081,2.446449,5.084673,2.3814902,1.8640757,2.5028796,1.5279222,-2.2602878,-1.4472854,2.6102087,classical
0.26684135,0.016512703,1214.3345474841144,1540.2928528467166,2164.4285786631676,0.06055896865325077,-374.73547,153.82094,-21.555328,20.830206,7.0035706,-3.9481642,-2.5215895,-2.8035054,-4.2827654,-4.4998736,-5.7614007,-4.259625,-3.8435433,-4.585761,-3.6389863,-2.2903488,-3.1275449,-0.21475966,2.629517,1.8175374,classical
0.3116152,0.12373418,2224.8938399288413,2274.325029414401,4467.456319236165,0.10944642813951239,-98.353584,98.355515,-20.490532,18.820034,-2.0957808,2.6650367,-7.3115172,-3.5901136,-7.989525,-1.9183747,-4.7319975,0.623776,-2.5930848,-1.4701574,-3.1693442,0.6580324,-4.8184657,-2.221544,-3.8104963,0.2340916,classical
0.2629238,0.06258049,1313.7853629984959,1371.0449454528034,2397.4188364696206,0.08109777113970588,-228.95734,153.97128,-30.685272,20.812593,-6.0802255,1.1724104,-10.788689,-3.8824716,-11.5895815,0.88214576,-8.279237,-0.7267763,-3.1044495,-3.434348,-2.6240337,0.7225606,-1.9660414,-2.5158815,1.5716062,-1.4897673,classical
0.2342336,0.029436052,1526.5606707346662,1499.5337307080847,2915.6907025505516,0.10895172213622291,-326.89987,127.39418,-30.584469,37.475746,-5.291164,20.806988,-1.7857121,-4.6031666,-4.048744,5.2380342,-0.6428707,2.8008626,7.245896,3.9837847,-2.3909738,1.4819994,0.5834611,-0.60632175,2.334065,2.6522102,classical
0.22696708,0.08248694,1623.829997897825,1551.4812346920505,2732.100146030863,0.10825822670762383,-207.37747,117.60778,-41.40425,13.253082,-1.6882356,15.532314,-10.362765,-1.8636932,-12.762169,7.0103297,-0.78136647,2.0718102,-8.264467,-1.4701048,-7.0881267,0.9346841,-5.5392184,-8.502519,-1.4875586,5.380053,classical
0.29686397,0.16088608,1516.0858565701667,1642.8335042267165,2771.5582407664956,0.087271581124226,-123.76331,148.43001,-21.551395,17.444746,-1.4088031,4.1782937,-6.9904437,-5.103338,-5.7957006,5.0631213,-6.2477646,-1.9818293,-0.96844065,-2.453078,-4.3262076,-0.87545675,-4.704871,-2.2297263,-5.140934,-3.2070847,classical
0.30964002,0.038878046,1525.6012665401886,1588.1610240876316,2732.8751413445725,0.09158788155476007,-246.21837,149.44388,-41.973816,11.606412,-10.287585,-4.018405,-7.1389446,-10.137029,-9.425965,-7.1766233,-3.1531367,-5.629502,-2.5816011,-4.5165157,-6.1636004,-4.9719005,-3.3493161,-3.3441112,-0.67309535,0.21787953,classical
0.22674659,0.020152481,690.354003458877,1358.3864436297902,749.5288010352167,0.036054203753869966,-465.86435,180.2054,56.636234,11.02556,5.844781,0.73191786,-3.9742076,-5.888048,-8.464273,-9.792968,-7.6927004,-3.2534187,-1.8652486,-4.019154,-4.1090255,-2.4697332,-2.357773,-2.9964194,-3.2231653,-1.7109013,classical
0.27088746,0.012813881,1633.4096731773413,1734.7827973318526,3161.49754952351,0.10895928066950464,-409.53445,116.80004,-16.164228,11.717683,0.7060159,6.0069485,-4.2744555,0.49547583,0.43389156,12.597706,-1.1140982,-1.1403235,4.9578533,1.7595056,-3.9088554,3.505475,2.7971113,3.102605,0.66038114,-0.23965213,classical
0.21903363,0.016752148,811.9966754623425,1009.4095310881751,1236.3091908741292,0.04834475679663313,-477.97784,155.31071,12.760659,5.5252056,2.3770723,-10.652258,-16.648243,-12.547406,-11.190112,-9.378249,-3.2180305,-2.7673485,-6.4684467,-8.300397,-7.093546,-7.4725733,-5.3243647,1.263561,1.8797898,-1.6579896,classical
0.26717928,0.017124044,983.7618406456091,1404.1321893997351,1852.522131385449,0.044227245791408666,-406.96542,163.13947,-2.4138067,32.45665,7.9078465,9.6771345,-5.4890356,9.52349,-3.1028152,10.209682,-10.3853855,-5.3867135,-8.080062,-2.0579033,0.37215224,3.4111536,3.4882972,7.3955684,6.434972,0.18093613,classical
0.2523795,0.03624397,1505.3776997189811,1559.0859496035152,2717.316902089783,0.09824505974264706,-268.18002,135.68788,-34.07107,25.63486,-12.970323,17.894695,-9.997607,5.6292224,-14.146461,7.4976244,-3.9705236,8.258682,-1.3527364,-0.37740004,1.0275259,3.8083537,-0.30203018,1.779561,0.89097977,-0.8330717,classical
0.30526578,0.0687404,1803.525958968436,1898.0267311684952,3366.3129776993032,0.10401637782991487,-166.43155,122.135544,-32.106796,16.685278,-5.4006796,-2.487123,-9.832806,-4.90051,-6.974422,-4.571057,-6.6684146,-5.4972816,-5.3725696,-4.9623013,-2.791163,-3.1922195,-4.085201,-3.5495985,-4.6303477,-1.165406,classical
0.3192511,0.040571712,1016.4245653368089,1152.1288725873783,1823.9389708905767,0.06115495900251548,-319.78223,165.98755,-11.918563,27.240337,7.843564,1.7272981,-7.849842,-2.412087,-2.9088748,-2.531132,-11.365741,-4.6136117,-4.487359,-7.4551682,-5.580019,-1.8725945,-1.2823325,-1.4261755,-0.48846748,-4.100782,classical
0.2584649,0.009494158,1173.9310654516082,1517.8561599088844,2083.120736987229,0.06632537369388544,-436.84235,154.11322,-19.859339,20.183603,3.1647453,0.44639206,-6.530639,-4.6033387,-10.0562525,-6.153287,-4.529443,-2.7835946,-5.2353206,-7.384834,-6.99331,-3.1899672,-0.35129791,2.2267845,2.5725405,4.476176,classical
0.38802978,0.05548111,2411.9327529379098,2436.324834166332,4994.561465236794,0.12697013169988391,-186.42809,86.65458,-15.711973,14.741795,-2.2158978,6.271489,-0.88792235,0.66504705,-6.0883217,-5.2136745,-7.8659334,-1.7187319,-4.7045016,-2.0543664,1.4163773,2.7643516,3.301296,3.110024,-4.4082932,-5.0353703,classical
0.25384977,0.016770324,1751.7302668488421,1930.4928791166583,3236.6554283874325,0.09525792738970588,-367.15607,112.80698,-18.747368,10.16273,-1.6047244,3.8029535,0.9223545,5.067149,-5.37257,-9.522553,-8.4956455,-1.7838283,1.2991319,-3.8675704,-2.6413093,-1.057446,-1.2753583,-2.5051804,-2.5693932,-4.0697618,classical
0.21659923,0.011429043,1371.6170328582264,1562.0159889035801,2619.859158070095,0.07575237640286378,-449.51437,124.97363,-19.919231,27.45221,-5.775592,2.2272954,-6.55279,10.601103,3.3547394,14.393792,1.9887393,5.2502832,4.4267955,5.0727916,7.1730843,6.192043,7.1587815,3.8522375,2.6193507,4.950331,classical
0.24545789,0.021968717,1002.3644432557223,1152.462681781211,1733.6895166166796,0.05794825125773994,-369.13687,171.89467,-27.269659,6.017661,-0.14046212,-10.669237,-11.915659,-10.19332,-11.368734,-10.511279,-8.377622,-9.789241,-5.054762,-5.081166,-3.0338259,-1.7272465,-1.8499665,-2.2594452,-1.2759858,-0.43458468,classical
0.28175208,0.048178677,1322.6998486991345,1591.2842180370199,2474.968367538216,0.07612614587364551,-274.38638,148.3534,-20.334352,21.812437,7.9308386,3.775937,-2.2328162,-6.1013503,-5.629294,-6.6894984,-5.9066057,-4.5950003,-1.5465236,-3.0266497,-4.695847,-7.7213106,-7.2142706,-5.406591,-5.247943,-5.2739983,classical
0.18112929,0.08413399,1807.4309138096603,1438.824668287956,3072.531420822852,0.13095801385932662,-299.71262,103.67624,-27.657269,51.028336,12.279663,16.50878,-10.941352,-0.89493513,3.8351696,12.960475,-12.398088,2.464721,5.1784377,-0.73861545,-0.61419827,-1.1869746,5.9202967,9.8128,-2.665085,-3.084117,classical
0.28610158,0.007965068,1170.1422672261847,1595.6359965659155,2360.427393485149,0.049492898002128485,-449.6218,151.50313,-12.74668,44.27039,6.24476,4.053898,-1.4805396,-1.6240754,-2.4867778,-4.282386,-9.653202,-1.3421046,0.14638337,3.7282515,5.285778,1.2080823,-2.3039157,-4.1256194,-1.8161489,1.2358325,classical
0.27944195,0.020721398,1285.1523138296154,1660.0260788422988,2477.143354386368,0.06374980347813468,-360.83704,138.98073,-12.931409,33.802074,7.5938015,-1.7090744,1.0358479,4.07697,3.9310114,0.93355036,0.5041118,4.6821156,3.340199,-2.2543893,-1.8542651,2.215505,1.7880185,-1.5159184,-3.251121,3.9964302,classical
0.2762817,0.047890313,1211.2151185706325,1367.1077107608928,2237.4698036595396,0.06844629813273993,-278.78247,160.01924,-28.398981,23.062632,-2.6952746,3.0099826,-11.293976,-0.5086707,-11.364045,3.1734748,-5.107195,4.3391886,-4.070891,-0.1533307,-1.668471,1.6420275,1.0030912,-0.7636378,-3.8361166,-3.5538943,classical
0.19094546,0.11537952,1063.472218094083,1552.579922603203,1611.1902573529412,0.051040885618227554,-249.54944,161.56836,10.129534,-3.070564,-0.59651744,-2.0836592,-12.191772,-8.601491,-14.638914,-12.049385,-12.300341,-7.1745577,-7.891679,-2.0824664,-2.909753,-0.86809975,-3.9725292,-0.88429445,-3.983618,-3.8915744,classical
0.27444816,0.021436756,876.9626952356745,1108.6920910513554,1457.2911879595588,0.051046554518188854,-393.03424,190.77562,-13.312161,8.263631,1.5518688,-11.080791,-11.24487,-13.998272,-10.620688,-9.390383,-4.613558,-10.067737,-4.8152575,-1.749237,-4.67867,-2.1273618,1.0223786,1.3087283,-0.15664068,-1.4133813,classical
0.2705048,0.023789303,1216.426225125279,1582.7629083386116,2560.8928479646383,0.05627025686919505,-356.14398,139.79286,-6.286762,43.188293,-8.879335,11.050313,-8.393049,4.4185185,-8.283711,8.682831,-8.135774,3.427107,-1.44063,-0.41183442,-1.7198917,-0.29489517,-0.65488994,1.1565763,-0.6220703,-0.25813505,classical
0.23668899,0.029149206,1349.5963387962488,1523.0865015769245,2443.718556501548,0.079280321812113,-321.1795,136.29669,-28.299364,31.01146,0.56641644,0.23202552,0.6554862,-1.3426691,-0.057696536,-0.42475182,-6.1809053,-0.14451788,-0.45611718,-0.7306298,7.474552,10.973124,7.8342543,4.3253202,2.9853895,5.849008,classical
0.2827168,0.04296314,1415.3111880468286,1449.108896449823,2489.984943401703,0.08737929022349071,-264.05682,142.12022,-51.354267,5.0189214,-20.266207,-17.137808,-16.06992,-20.311367,-15.042228,-9.738147,-8.402029,-11.775308,-6.880458,-4.6050215,-2.0530016,-2.3747227,0.96407294,3.0177262,1.379297,5.554171,classical
0.2163273,0.043812327,1211.3527919075634,1337.8952917810352,2104.7456062246033,0.07093910240905572,-306.78555,152.90353,-27.586826,16.319193,-3.155098,-8.93176,-5.4318347,-9.781289,-7.1121745,0.29346585,0.8718292,5.416062,8.195814,4.202758,2.0560663,3.027627,-0.39087495,-2.8138077,-2.902915,1.3315636,classical
0.26855293,0.04325064,1431.5423062932691,1558.4876922187398,2836.7578465133997,0.07523877406636997,-264.2774,138.15092,-30.101543,37.824226,-7.180175,6.7829328,-11.818897,4.712038,-9.843631,5.863745,-9.573776,2.6703935,-4.79644,-1.4033839,-2.0961933,2.977521,3.3557801,4.811314,1.762571,-1.8270738,classical
0.2505569,0.01974107,1396.6924270627298,1525.255382611543,2652.8339586759867,0.0726431737374226,-358.65677,129.08746,-30.397633,19.889524,-10.386375,-0.6520497,-10.611142,1.542051,-3.9753838,1.8689016,-8.833538,-7.1676564,-8.212757,-5.941063,-0.11583953,4.27639,8.967239,12.802729,14.691521,11.507997,classical
0.26897267,0.0384091,1218.4372978528554,1353.7509040158095,2295.311120567676,0.0698128809500774,-300.9405,161.08626,-24.240719,27.966187,-2.8622532,2.38756,-11.273425,0.22528,-6.841877,6.0946064,-8.13831,-1.8053269,-4.1101503,-2.0455987,-1.6021351,0.64826363,1.4507608,-0.22119512,-1.2912165,-7.10176,classical
0.18708833,0.03171597,795.1394730921776,1296.1593175882567,1007.5022411051181,0.04503222958591331,-429.35052,175.13577,31.911325,4.2821155,1.0457511,-5.766878,-9.477816,-11.283073,-10.581982,-8.664747,-6.33389,-1.6819396,0.8189263,-0.18230265,0.035870627,0.20540474,-1.8460841,-4.415224,-4.967983,-4.601115,classical
0.22232276,0.036704183,1494.1405636701372,1670.8326004789872,2781.1748492828465,0.08592124915344428,-280.7256,122.72235,-14.398864,26.855799,1.3519758,5.994226,-13.104069,3.3753605,-11.554337,5.1937943,-1.0517678,2.7634664,0.062844716,1.3419082,1.5190898,-2.213261,0.77303547,-3.969128,-9.1357155,-6.9251547,classical
0.2150471,0.030614555,1360.5964481029573,1441.3899483512648,2387.9772268950755,0.0877715781008127,-324.092,133.59413,-25.021385,24.567684,-11.939835,17.660225,-5.522581,1.7202368,-10.571335,-0.8508687,-7.797242,3.5256076,5.046799,1.3635526,3.0031674,-3.120319,-4.2890625,0.58901477,2.8685892,0.3691809,classical
0.2617236,0.13462317,1327.3486451321814,1326.8652104399382,2172.5785293815306,0.09385279605263158,-160.33945,164.12074,-48.875042,1.5913554,-7.591044,-2.631471,-11.077548,-7.0276327,-8.120849,1.2311879,-5.4963484,-4.222177,-5.458137,-1.7106265,-3.0879977,-1.2898573,-6.0987673,-0.9284124,-4.0418134,-1.555536,classical
0.27657983,0.040846772,1358.926260249797,1516.129630615493,2668.167199291312,0.07314694998065016,-286.86823,135.91835,-24.436615,36.66117,-6.2452135,6.962933,-8.168271,3.8440657,-4.3983445,6.432785,-4.1305766,1.5490406,-4.352837,-3.013542,-0.0057278564,5.6492386,3.4296591,2.8336725,1.0971848,-0.2909149,classical
0.26750588,0.031677265,1117.9494607534973,1702.2297462979504,1993.387946255805,0.046355350836880804,-413.5716,143.42079,31.354317,14.031841,1.5281585,-2.2939968,-6.4803357,-8.104998,-5.927912,-4.468454,-2.7899303,-0.8148752,-1.2128335,-2.3862698,-3.8151696,-3.519501,-2.7149515,-2.386343,0.6211228,2.663334,classical
0.23741013,0.037271157,1360.0001055902917,1572.5229886349002,2568.7761336288218,0.07211672189434984,-289.8248,143.90315,-26.996418,24.06762,-1.1449978,-6.298982,-2.7494168,-3.5280802,-3.0203989,-3.146495,-7.256325,-1.6778028,3.0785983,2.6800532,2.5299108,4.6131744,2.3748028,-1.2788944,-3.5456932,-2.8067148,classical
0.21772774,0.01884352,790.4782247441857,899.9797791775832,1159.4013225921537,0.05211230771091331,-437.52524,170.97139,7.386183,-3.108709,0.77730083,-11.135055,-12.523807,-6.900929,-5.850053,-8.455719,-8.472511,-8.329373,-7.3738,-6.733424,-6.0883675,-7.0600677,-6.652507,-4.2910247,-4.3992434,-4.915998,classical
0.3031798,0.026797185,822.4267361319853,1135.925475390758,1434.199660924197,0.03945743336397059,-374.0075,172.44232,6.402997,20.15089,5.851805,1.5909526,-6.7105627,-1.1913445,-0.29050127,0.3331248,-6.55182,-7.3002505,-7.3283715,-10.215597,-6.145134,-2.4330475,-2.674385,-2.2819083,-1.1540519,-3.8159146,classical
0.2572882,0.057378534,1559.8986812117996,1616.1274908762382,2812.9663237108166,0.09520237217008513,-234.41786,130.25517,-39.531147,19.335638,-6.793275,-5.130113,-3.7073684,-4.0360165,-5.0718775,-1.3683324,-7.73577,-4.382001,0.46520522,0.7849736,5.4507375,8.774232,7.0391774,2.4160001,-2.308834,-0.24570014,classical
0.2564119,0.03737135,1358.9070916597766,1417.5458835574248,2418.1770442809116,0.08111553369291796,-311.51123,148.66138,-33.509113,10.3617325,-12.9078045,1.2325765,-12.908661,0.80457205,-9.738698,2.0689783,-5.1060624,6.7442927,4.6157775,3.7654855,1.2712045,1.2486947,-0.0844856,1.4975206,0.37977085,-2.9951375,classical
0.33388895,0.010497971,1524.8987119782062,1868.9287955615346,3325.1048935456174,0.08068318558920279,-378.73935,126.49873,-18.81513,42.87581,-14.305188,25.342688,-14.64103,18.704288,-10.188717,21.10809,4.43704,18.225647,-10.27428,8.953815,1.2109171,6.280114,2.5284448,4.386152,1.7054098,9.987649,classical
0.24424575,0.031904,1355.999780696475,1615.8946768160638,2522.8430780463914,0.07085595854295666,-321.19263,134.53426,-18.235277,22.179878,0.4295418,-3.8056157,0.49535334,-1.1447427,-1.9025489,-0.10540195,-2.7555184,0.59320676,2.4970195,0.30708176,1.6812915,2.888143,2.0844862,1.1636722,-2.393689,-3.407903,classical
0.2392983,0.016008371,1281.8143785370296,1502.891671249433,2440.3352436266446,0.059410449521091334,-419.26315,127.44508,-3.7823532,23.200216,-4.334697,4.0304265,-8.209103,-7.6188617,-7.0756884,-2.923952,-7.409898,-5.437337,-9.099496,-10.619322,-5.739374,-0.39309853,7.029702,5.593248,-3.4755454,-5.1741657,classical
0.26045907,0.05884206,1340.3686109090386,1539.119153209508,2522.134748996227,0.07171347414376934,-238.59634,149.78308,-28.872143,28.239666,-0.801404,-3.9247723,-2.1356676,-4.33402,-4.187281,-3.438998,-5.771543,-0.12075116,2.5199795,0.6888363,0.07483964,1.7069905,0.6496947,1.4659427,-1.8280259,-6.239791,classical
0.24500223,0.029503612,1497.0762956940562,1570.2741279362524,2868.049323964783,0.08621640987809598,-315.04456,128.73924,-28.934906,30.839512,-8.996634,7.990103,-9.846985,1.4414089,-8.97362,6.04984,-3.320933,7.6095057,3.7989633,2.938336,1.839679,5.2037973,1.0788441,0.1412946,-4.532043,-2.3126307,classical
0.32029325,0.0389268,1474.8137600109778,1813.3646552075554,2809.8330093242066,0.07404603751451239,-305.4226,135.9234,-11.75271,18.21502,10.389051,3.0129585,-5.5959153,0.1417254,-1.3495618,-1.8677533,-3.2052636,-6.742522,-2.694418,-5.597182,-4.5236397,-4.7845087,-5.3687057,-2.6217136,-5.8361926,-6.929955,classical
0.26820534,0.021296714,1329.2649559947513,1415.4533805033204,2462.0767788252224,0.07881698372194272,-368.466,124.26599,-31.582445,17.601763,2.3229325,-5.9495983,-11.807772,-5.547482,-5.407887,-1.3051718,-8.427182,-3.613824,2.2061698,-0.0454351,0.23757216,2.5061414,3.0928504,4.838548,6.225342,8.735003,classical
0.29303515,0.05697671,1932.8371720042155,1740.2334653481375,3573.161726913216,0.11752045339106038,-203.61942,111.205956,-51.536655,39.485825,-10.562024,11.913712,-13.181606,15.123319,-7.291699,13.3770485,-7.313062,3.840408,-3.7820058,5.303999,4.108334,6.6450543,2.9929223,3.5416887,-3.361932,-3.6787832,classical
0.21732557,0.03511974,2423.3992282999484,1884.7467025103792,4296.815684410071,0.16668644482875386,-301.92847,57.542442,-59.13327,33.542343,-20.912107,17.741282,-0.6430488,49.023758,19.130112,27.098505,-17.633902,-0.26255018,-3.7518337,18.160437,9.950029,11.609912,11.278923,15.386705,-7.4021525,-5.8475842,classical
0.27784783,0.043840673,1490.0147947114058,1599.8034153175129,2784.9498264560757,0.09004972003192724,-235.30643,141.13675,-34.679047,30.99717,-16.400242,23.120686,-11.043702,7.6586413,-19.017239,4.236544,-11.835343,8.918063,-1.4424678,4.288448,1.4757501,3.1938696,-1.3142374,2.9318144,-1.6683862,-2.8998592,classical
0.22515063,0.006631079,715.4772961169858,1030.6024311736385,1037.702058490954,0.04129340109810371,-552.1064,173.36296,26.35446,14.122473,7.2592764,-7.0849686,-5.859203,-10.342716,-11.022792,-9.200838,-8.827269,-4.9302998,-3.6546998,-4.282816,-3.460701,-4.82143,-5.6796284,-6.546866,-8.206827,-6.45084,classical
0.31949472,0.17533353,1712.466255822982,1607.5252142235886,2833.499532882643,0.11627820844620743,-106.22088,127.37078,-45.286133,31.277216,4.305441,-5.068433,-16.129375,14.690696,-7.9120975,-1.2216632,2.9819398,17.464767,-4.0720086,1.7858329,0.59456635,4.6090927,-9.991413,-3.3419795,-3.1053743,1.9085141,classical
0.20719388,0.029191138,828.825494001674,1326.0473265268795,1013.5772043706463,0.047511806428986066,-421.71585,172.79298,28.108305,-2.576975,-3.5656784,-4.8651752,-8.889884,-10.696763,-7.6852007,-7.9576297,-7.334868,-2.7171752,-0.9175328,-4.206839,-8.41539,-8.393859,-4.1280904,-0.41836634,0.08662467,-0.26054707,classical
0.24696632,0.041575287,1558.898531652407,1578.5925974538188,2922.2156630950076,0.09221523981714397,-297.24658,130.27441,-30.589977,27.486965,-7.054991,1.9900547,-11.125771,4.752085,-8.771534,5.415231,-5.3753324,4.4642706,1.7346511,1.8842243,-1.3122154,1.0872447,-0.9889339,-1.466127,0.63026536,1.1544706,classical
0.25204447,0.017927846,1181.5125561645536,1412.1789063254485,2032.8127078596654,0.07170553768382353,-402.22232,154.00493,-15.21134,15.294042,-3.0777779,-3.1944387,-9.778081,-17.310207,-12.3065605,-7.914643,-7.0827575,-0.28117186,1.5458188,-1.4655558,-1.7400696,1.8587356,5.029232,-0.7410971,-0.13983324,-2.8593113,classical
0.21924287,0.008008791,1054.4585145386827,1455.4498536124795,1947.2048921850812,0.04766448880127709,-482.67636,154.86115,-5.0259786,29.737667,-1.8687421,8.223095,-4.765953,9.646515,-3.3353887,4.5322223,-10.103474,-0.66671413,-2.444843,-0.16459216,1.870722,3.4802,3.3868613,1.1131744,1.2773035,-0.6721355,classical
0.28404716,0.007990337,1184.5272815945475,1524.9012907885733,2289.252823868034,0.057591488486842105,-475.86765,141.53087,-8.475211,33.992065,0.5255809,6.0348516,0.027933126,9.537155,2.1625187,7.0820975,-8.048426,-0.10827419,0.7882747,3.8774943,5.3098736,4.664308,6.8744106,5.399284,1.0468252,-6.4937115,classical
0.23408203,0.03160188,1279.5500532331514,1370.4138585933788,2389.4272181271767,0.0684731309258901,-324.63913,147.82703,-31.937815,27.408855,-4.5088263,-4.165107,-12.588297,-5.118298,-7.7418246,0.8432937,-8.195583,-0.8224478,1.0045005,3.6744752,6.201359,4.7141476,-0.044553112,-2.3374503,2.2290113,-0.55090606,classical
0.27409896,0.038916074,1369.6932279666041,1465.917051580696,2655.325610275977,0.07356796028444272,-309.24283,138.64113,-29.713257,33.618786,-0.3782552,5.2437367,-6.332311,3.280732,-6.714091,-0.69220394,-13.243887,-8.528506,-9.668245,-4.297958,0.25033692,1.0183245,1.9202205,3.7188308,2.5588636,-4.9259276,classical
0.20815395,0.05169907,1396.7861186062223,1574.0882214689257,2615.034187246033,0.07585706208881579,-269.69882,136.47507,-25.00176,26.395002,0.68700564,-5.381707,-1.1201944,-1.5102578,-0.16106224,-3.7851603,-9.28722,-3.1484404,1.6416065,0.67547286,1.8981234,2.2316878,-2.1227548,-3.6631796,-1.077265,3.531795,classical
0.2842068,0.04150091,1534.2936138496052,1465.0945248545136,2838.866167098007,0.09395219076528638,-275.376,125.30793,-41.05129,24.607311,-4.788927,-4.25385,-15.021034,-5.0450926,-5.0018373,2.4730594,-10.894702,-8.017638,-5.1663785,-4.615467,0.7097467,6.520474,5.9003935,2.68771,-2.0309052,-8.056195,classical
0.18647888,0.0130498,1079.9035739320507,1389.2655701491935,1764.9809940680632,0.059341288941563465,-484.0267,144.12991,1.3964783,8.075528,4.9339285,-2.317005,-2.7469432,-6.8448114,-10.147138,-8.0566,-7.151671,-10.563925,-7.787432,-2.9533033,-0.26718053,4.2853794,5.302439,0.19885655,-4.530799,-1.8802834,classical
0.3689322,0.013991359,1424.1018503760445,1697.0207079079732,2927.490631197997,0.07015490458107586,-385.79437,128.62303,-26.731678,39.48326,-2.1734595,16.760435,-5.7341943,14.724415,-3.0906615,12.311254,-5.892706,2.7925808,3.6800187,10.925794,10.535348,9.91729,6.1087966,3.5327845,-3.3188179,-3.6751547,classical
0.21933526,0.023853911,2172.514738800756,1883.3803923812784,4066.9587409902283,0.151986231375774,-326.31674,85.90871,-42.986923,31.837812,-19.576054,9.992608,-16.461275,10.000378,-8.599358,25.513212,6.5387487,16.400175,3.502859,9.59518,5.9227595,9.285646,9.963879,9.199149,2.7899365,-5.3840165,classical
0.21740316,0.016478458,1171.8444805151357,1467.2055609007757,2235.9864792956655,0.0608847414376935,-412.95926,138.51984,-19.262375,34.14668,8.975069,-4.294473,4.152585,0.88195014,3.0793786,0.122496426,-4.0571847,3.7797236,5.917003,3.4958465,6.631978,6.7447453,2.4679754,-1.881108,-0.058646046,2.730016,classical
0.22580077,0.04471866,2192.7057790195913,1912.0379428207473,4066.492077145414,0.1524378537393576,-251.3183,88.73775,-41.7524,37.908646,-12.024272,21.6241,-5.85393,25.719715,-5.1859713,14.30118,-7.5509505,10.46478,-4.928892,5.2614255,0.29795104,3.3115895,1.2643417,4.76849,-2.068245,1.1370708,classical
0.34679076,0.115102775,1878.7740300458224,1965.0287149176995,3634.0696919444176,0.11161308170472137,-85.26499,118.42306,-31.472776,20.282015,-4.4177094,6.9225984,-10.950942,-1.6200855,-7.367902,-3.0173,-4.4372015,-1.4064467,-4.246369,-4.164333,-3.9796498,0.2765607,-3.3924837,1.6937987,-3.6853893,-3.4415329,classical
0.24073412,0.028412972,901.7856877463795,1171.7473217395366,1456.6161920411669,0.05344941224845201,-366.2502,181.5994,-5.526268,27.00837,-4.8321304,4.610714,-10.542599,0.16761936,-11.13951,3.5848048,-10.332784,-1.0784351,-4.5973077,-0.47885764,0.8356921,0.25169563,2.1313155,0.6989121,1.0251924,-3.0680041,classical
0.2657142,0.029987613,1137.9529528789749,1480.584417430825,1821.2139873681792,0.08186836360777863,-349.95245,161.85114,-3.3711894,14.167044,5.7339725,3.5160553,2.9774914,-7.0906434,-7.917532,-0.36460134,2.8495579,-2.481046,-6.7919497,-8.835342,-6.662253,-4.901683,0.09311886,4.260332,5.0968914,2.6105819,classical
0.27832785,0.029729722,1243.720620928661,1358.6088246693332,2353.2857700029026,0.06372448239164087,-315.6781,149.66844,-30.59499,23.221497,-8.699829,-10.104399,-15.733574,-4.0472817,-7.6521626,0.046231203,-11.143898,-7.670451,-5.8706336,-4.864973,-5.1484585,-5.414719,-3.1673822,1.4542387,0.13058122,-4.1758366,classical
0.3128757,0.1898476,1680.101088819283,1706.9703104342384,3077.8397220576144,0.09672579455301858,-81.13433,129.09853,-42.53483,33.17631,5.663617,-6.40225,-2.2610986,7.3734446,-18.71801,2.4979708,3.7862806,1.9323549,-10.06678,0.9437219,-3.5698192,-6.1662974,-8.030749,3.77427,-5.029473,-0.85415226,classical
0.23204602,0.031721637,1388.2456582676334,1456.5571823960315,2599.025950712316,0.08088953354779412,-343.13556,140.08687,-20.911028,32.332188,-3.6868057,2.9435534,-10.669527,0.31910008,-5.7843437,7.6880774,-3.6771061,2.5538166,-3.4980664,-2.2409544,-0.8364195,0.8789192,0.47355628,0.9455652,1.869418,-0.63902676,classical
0.261451,0.03322204,1372.8214993768145,1579.2639771327893,2738.0917764669603,0.07292321739551083,-295.74356,134.53833,-22.449306,40.759247,-5.8759785,9.276346,-11.875942,6.294928,-8.866928,4.4062886,-9.378152,4.061379,1.6256839,5.137466,5.440425,2.2810285,-1.8154342,-2.9235122,0.13862085,3.1956723,classical
0.31213167,0.031511255,1356.517262209537,1495.192128266221,2496.8682351127127,0.07686121323529412,-283.4352,159.55325,-29.518969,18.540623,-9.879665,-3.4205987,-10.990981,-9.784342,-8.296976,-4.24283,-2.8664072,-5.9698157,-4.0209274,-3.3497477,-3.3910906,-1.8592801,-0.4466217,1.8976353,-0.110351376,-2.8223324,classical
0.43804651,0.0052696657,973.5547961720958,1617.4354313658503,1911.3134425491003,0.031537602191369966,-549.6238,156.95288,6.6107135,34.415283,13.258634,5.755011,5.0514054,-3.0009758,2.0665772,3.0773375,2.016796,3.2401445,5.6662602,5.7039466,3.6319153,4.0980306,4.3342586,3.3654842,2.6289413,1.6571875,classical
0.2825834,0.069151305,1551.8652270368914,1651.7061355226538,2841.9578150699012,0.09329951141640867,-197.15273,137.3531,-34.18893,25.362162,-5.266597,-2.7777884,-9.506931,-7.6099873,-7.6446853,-5.6678405,-4.386777,-5.4302173,-3.541792,-5.667923,-1.894372,-2.8863935,-3.475987,-4.0221167,-7.3003592,-4.2040553,classical
0.23568682,0.03140695,1179.9891396444557,1332.024770424303,2154.0036417013353,0.06593875471652477,-362.7139,143.93861,-18.981812,30.657846,1.0281491,0.2848439,-7.989743,-3.850979,-8.944669,3.2497694,-4.4546366,3.6496246,4.9335475,3.2838128,6.360601,6.0672398,3.8507261,-0.2473972,1.1675681,1.7840005,classical
0.26681942,0.045445524,1371.3696318927568,1440.9709987339681,2570.159458597378,0.07956679022349071,-278.22952,147.87563,-31.567955,20.352276,-9.582642,-6.2446804,-13.601203,-0.66615623,-7.2744746,1.0198694,-11.758481,-0.9619857,-2.2164092,-0.5725289,1.8691949,5.144384,2.6245885,0.82450217,-1.642811,-0.102734454,classical
0.23626499,0.13858975,1175.9242233254756,1502.8373915929649,1901.2301701879353,0.0622955416747291,-170.88661,157.03915,-21.966078,5.244654,-4.0924134,-3.6912687,-8.810495,-4.857596,-7.874583,-5.41101,-9.373979,-6.623614,-7.811286,-1.4611745,-3.591133,-2.8573444,-3.9215791,0.2007724,-3.432636,-0.83090174,classical
0.25333998,0.0666634,1253.132223438827,1371.3366093300513,2293.0278010412635,0.07164771490421827,-223.17725,163.24625,-34.416225,24.187868,-10.304305,3.2287333,-12.88459,0.8050678,-14.284255,1.6726207,-10.143484,0.24415597,-4.545104,0.10906212,-2.8684516,1.3458029,-0.3440426,-1.0627362,-1.0944877,-8.057166,classical
0.24491914,0.02149812,949.3765619854879,1112.0248096618204,1695.8730786208398,0.06072601223877709,-385.26587,177.27786,-9.337659,24.373217,5.8054442,-4.5630646,-6.356949,-6.9578958,-4.1274276,3.8580666,-0.35820144,-0.9461226,-3.67056,-2.0986047,3.6447048,0.73262966,-1.226661,-0.74592465,2.7860498,1.5408993,classical
0.2547598,0.034031406,1516.6480402419818,1629.285125800053,2974.0070165864454,0.07878788336880804,-292.15292,127.763664,-29.90902,37.442085,-9.556897,5.1130447,-13.823924,7.0317245,-7.0326295,6.492,-9.904399,4.7136607,0.3748337,1.4678955,3.3925867,6.07278,0.96153235,-0.75443727,-2.0979443,0.7595844,classical
0.22755931,0.0135638025,1800.6383191622836,1780.9021871187188,3426.4376141338525,0.12435714674438854,-422.60803,89.84974,-18.716204,37.78641,6.0167522,4.161733,-1.9914638,12.111292,4.167898,13.7912655,2.8296866,5.886288,6.122228,8.141637,12.356574,7.095123,2.4118736,0.78016394,-3.4258902,-0.7502807,classical
0.30397424,0.012357474,1128.3232351038582,1375.9555481090727,2165.7952370658377,0.05439309512867647,-429.10315,120.74543,-1.6823436,17.948551,7.733591,-2.0437236,-3.941744,-2.5360482,-0.583443,-0.7965382,-9.051197,-3.68994,-0.9829525,-5.0013146,-3.8112953,-2.4115164,-1.8980626,-0.31377122,3.4164834,3.142883,classical
0.38145718,0.08052824,1527.645526264714,2079.667989385167,3220.8305240784634,0.06010507872968266,-230.27237,119.15338,-1.0512227,28.384491,10.008779,16.125826,4.793945,6.192379,0.95159495,5.9151874,-1.1755238,3.5739172,-2.0996547,-0.90729135,-1.8530506,-0.0061341277,-2.7977016,2.3327787,-1.4417095,2.738794,classical
0.22157979,0.04228822,1705.7324266471085,1646.2565077961117,3176.230793766931,0.1128666644494969,-259.96228,118.93238,-35.606525,31.990013,-16.535488,10.620695,-15.655909,7.4423347,-5.810462,8.268945,-18.018593,-1.1994951,-6.3466706,2.7660358,-2.5898216,4.387974,-4.1366496,-4.781821,-4.776667,-4.6100774,classical
0.2941906,0.028229875,1302.9045959121115,1455.72172901185,2347.3024728497485,0.07053623258513932,-299.7918,157.32382,-37.35202,15.766811,-5.756935,-4.4540677,-6.8151827,-10.736592,-9.884848,-8.157444,-5.4222345,-7.8400235,-2.7306194,-1.1097302,1.6480838,3.6400816,3.083553,0.108699925,-0.7964852,-2.7367737,classical
0.1989291,0.012561125,1118.511667300541,1945.0334998903925,1876.2136547927148,0.04229906395123839,-498.6803,145.66777,46.47074,15.253132,3.0677738,-0.8257451,-5.2106686,-6.1987042,-3.8057752,0.08864194,2.7183182,2.2182076,0.24392761,-0.45965183,-0.87284744,0.58734006,3.2759447,2.2999618,-2.5685794,-4.8113203,classical
0.30471268,0.13980983,1465.595382672086,1554.8186019545137,2749.3833748548764,0.0879189694998065,-119.304375,149.57779,-43.31768,24.636248,-5.6093864,10.784378,-2.8926926,0.7833014,-6.5456386,4.3880386,-1.2940485,1.3600901,-1.0813597,-2.4390287,-1.9371474,1.2953308,-1.3851019,1.0407934,-5.6062994,-1.9899358,classical
0.29454452,0.04430227,1279.1711367505463,1338.7980926482364,2377.393957557324,0.07583589819562693,-276.03906,146.35081,-36.59162,24.200794,-2.5551589,-2.169748,-13.303983,-6.504972,-9.398983,-3.1274793,-11.537068,-4.1871176,-1.6895952,-1.52346,-3.192893,-1.7647353,-2.2486403,-3.5386932,-2.989189,-3.294925,classical
0.24464238,0.041872445,853.4404819807542,998.6102747134514,1401.899856236697,0.05079296572658669,-338.78732,190.10437,-16.30481,3.7044463,-0.4479032,-8.884474,-10.400301,-16.36604,-13.285849,-10.799827,-8.649679,-8.285074,-4.618803,-3.792578,-4.550196,-3.6639326,-0.942681,0.53896546,-0.26442817,-1.564177,classical
0.28997296,0.029099641,1953.012399218445,1865.851544296656,3780.5438062354874,0.1234924505369582,-287.521,101.737946,-35.369,41.282764,-12.74512,17.284992,-13.978298,16.311884,-5.599027,13.66428,-8.790592,-0.05710708,-13.769377,6.4802895,6.7078867,6.9852624,7.0318756,8.390631,-5.61077,1.3771214,classical
0.29736656,0.06411321,1184.0658218421813,1304.6126692322334,2139.1537314967104,0.068293993687113,-221.28348,173.33664,-37.45654,24.362448,-8.687611,3.3857875,-12.841171,1.0815318,-15.328131,0.42323375,-9.623606,2.2928066,-4.485562,0.36257553,-1.4866253,1.8132905,0.22892511,-0.96528214,-0.48393887,-6.2636614,classical
0.2831995,0.008043457,792.835553815877,1205.092938566625,1207.3843657785894,0.03658178937693499,-498.60873,177.52312,11.209722,27.63433,-2.8418238,5.0909543,-6.6043825,-1.0570563,-4.1444926,-3.0533755,-9.90994,-8.573809,-9.189355,-11.935739,-9.192497,-10.894249,-8.854792,-3.9375076,-2.393971,-2.296357,classical
0.3600382,0.11366553,1730.559357956436,2248.639954888259,3360.9380102009964,0.0665200059258901,-162.72118,119.81049,-2.8799524,20.506134,27.808872,5.485367,6.0409565,1.2045436,-3.6995325,0.34238544,4.411625,-0.4080612,2.4593601,2.1353855,-1.6038622,3.6291292,-3.4621627,-2.559827,5.6417913,-3.6547277,country
0.2973078,0.12832628,1321.5897450564107,1409.2266087020455,2590.326003319708,0.0665252968991873,-183.97173,159.81996,-23.17131,43.053974,-9.468152,8.831389,-1.6515093,4.3517947,-13.370459,0.8398625,-13.976322,1.4428525,-7.390412,0.6109406,-3.3870332,-3.5861695,-9.068071,-3.164736,-4.0701723,-7.0531178,country
0.328754,0.069503844,1115.7881616130558,1662.9965162936762,2348.0441350316855,0.03547446425116099,-265.27588,138.8598,6.1417375,47.49592,-2.3967984,21.038158,4.086077,17.653965,-12.029907,15.491056,-1.1331486,7.889358,0.49858376,-0.23055615,-3.8699796,4.062501,-3.1115544,3.0031958,-1.4015286,-1.4951,country
0.31973168,0.18059872,1965.2766137464205,2036.695092015282,4060.050449430389,0.09301795605166409,-80.2364,108.186485,-23.827435,52.60141,-6.4240837,15.064198,-17.635906,9.739015,-16.176489,8.906125,-15.964033,8.001827,-10.704085,4.569238,-4.96035,3.9968147,-9.807707,2.6804261,-8.185659,-5.239689,country
0.29136452,0.07468149,1861.184983990783,2127.1802137761574,3768.960542944563,0.07651125314434984,-197.73268,106.509026,-4.4345407,37.643944,-0.8606556,-0.95550215,-3.448016,-0.05124213,-9.299326,-5.164658,-4.2450776,-3.5471113,-1.3499807,-7.1235623,-1.6197429,-2.4868119,-5.0532327,0.30241522,1.0691495,-1.6592698,country
0.34554547,0.14661238,2777.1145172614247,2647.662214458651,5621.632673422988,0.13296442651896284,-61.2354,71.26333,-17.042137,17.118322,5.0581465,-4.2047887,-1.6676309,1.1733667,-0.854297,4.9763474,-1.695669,4.845419,-0.15781678,-2.0794044,-0.27295634,-5.311602,0.23376086,-0.100881,-3.937658,-0.92281735,country
0.22133958,0.079619266,1240.5895174256275,1996.8404273431884,2412.9187427438083,0.042844034200851394,-277.1022,128.25645,42.42859,37.697834,12.780972,9.599224,-5.983117,-7.538272,-8.034319,-4.942379,-6.5300484,-3.6279538,-7.2284274,-7.4529057,-1.5747142,1.3907406,3.080538,2.5106266,-1.0542908,-2.7523243,country
0.36496183,0.1442469,1935.1584683595631,1970.0773805323784,4048.7838508913023,0.09476964613970588,-99.32007,117.56866,-29.88463,40.83229,-15.263143,27.98068,-11.955396,13.331403,-11.367624,10.538833,-8.748047,8.41087,-6.844215,0.43953452,-5.308864,1.6441798,-7.3530955,0.5184653,-1.4642417,-5.926997,country
0.3009386,0.07848472,2838.2033521252542,2798.4000706520005,6046.530104126355,0.11010515431501548,-199.0945,61.186787,9.970173,23.455229,10.266042,0.021369202,8.005175,1.1249683,-4.8876796,9.501939,-6.344292,3.8612275,1.6283534,-1.3461187,2.6031919,-3.5718613,1.9763373,2.5352304,1.0390568,-0.98147756,country
0.27091026,0.17611368,1425.2635079969477,1690.6857066356336,2980.9403079951144,0.0617449025251548,-139.62306,128.79353,-20.24936,49.44361,-2.1603596,16.988024,-8.355295,9.8182955,-20.150694,2.5017834,-11.247767,3.7660363,-6.424687,-3.3514204,-2.8953948,1.9763123,-4.1829414,1.383352,2.4402027,-3.6237295,country
0.28280285,0.11056769,894.2258292361238,1195.3880118511938,1639.0484222317627,0.038680794069272446,-250.87863,163.09831,-3.8807075,30.153526,5.576424,7.496038,4.024821,-2.1106055,-5.47041,-1.0583419,-9.981245,1.8183806,-8.760416,-7.0439954,-4.215172,-8.841513,-7.4048424,-3.301464,-5.14065,-9.97036,country
0.2964994,0.12687828,1667.8626239303642,2053.1917197851853,3440.6958612495164,0.06406763980263158,-141.02312,123.89309,-2.4948008,27.972536,0.012813225,1.2166239,-11.020722,-1.3764036,-7.020709,-6.118952,-5.1924863,-2.1684282,-4.593889,-2.3405597,-1.1824415,-3.964283,-4.234257,-7.813798,-1.6731257,-1.084656,country
0.37119007,0.14735453,1927.4404450221414,1972.1304878159117,3883.326518055824,0.0990303913506192,-91.685234,115.86117,-30.200949,52.273148,-5.0251617,16.953512,-15.656586,13.539404,-12.7629385,15.969125,-11.969893,11.058927,-9.962002,2.0955346,-7.8270183,5.033724,-7.303043,3.050466,-4.442382,-2.233392,country
0.38354596,0.24838431,2797.969870734425,2847.657470456079,6220.629051373839,0.10713729622194272,-23.184359,70.25887,3.818911,28.329025,13.76447,5.725915,3.9781454,7.4515567,2.6495178,8.495177,-2.2885163,2.079877,-3.3781197,5.1236925,-0.1764189,0.35927144,0.5841994,4.028003,0.92438954,4.08801,country
0.3109064,0.116934404,1939.716518680421,2482.432245833719,4126.216715998694,0.0639731581366099,-149.00017,107.24382,11.190146,26.6988,11.405787,-3.808101,14.028654,-5.892952,-11.049588,2.8112707,-8.445196,3.1889079,-0.7737128,-12.404469,-6.286398,-3.299155,-8.168631,-6.584288,-3.6775794,-2.967854,country
0.35707697,0.15497614,1881.161817758554,2116.237657232868,4111.466805189387,0.08110419589299536,-82.96263,122.53281,-16.658556,40.015907,-15.007229,21.670378,-18.256283,18.361864,-17.988773,16.991611,-16.039673,8.5337305,-8.706783,10.766552,-4.624802,7.2375846,-7.6094975,5.2948713,-5.517238,-0.17936327,country
0.29230934,0.11840969,1261.3177003596256,1395.9041023199793,2421.243692403976,0.060543095733359135,-185.85666,155.29944,-25.034075,20.532515,-3.834843,-0.60029364,-4.5688505,-5.9145923,-16.53805,-0.4521847,-16.302252,-4.213608,-16.815842,-4.5419536,-8.360623,-9.983514,-7.767914,-8.343302,-6.8449087,-10.199348,country
0.35509008,0.082314834,1533.8625889630157,1696.8473504621963,3117.3561497738488,0.07112353062113003,-207.27617,130.94698,-18.496765,33.299126,-3.9221625,15.393467,-6.3829994,2.9519513,-16.786154,7.084849,-8.5940695,4.7956495,-12.250599,-1.0214053,-4.5420403,-6.0667124,-5.5392537,-2.3645177,-6.528939,-5.8955746,country
0.27467206,0.09027794,1552.7721617035625,1848.6019397530902,3166.9225167194754,0.0592494527621904,-204.71437,121.91578,-17.742798,46.324604,-1.7955832,17.031994,-14.699761,14.667406,-19.392899,10.903635,-13.47471,1.200215,-6.2130055,-1.6907132,-8.6968565,-2.512775,-11.3285055,0.16912596,-7.287028,-7.5118117,country
0.3769877,0.2042707,2174.1604935047117,2281.058760714112,4348.07370779315,0.1025643835864938,-57.75979,95.76649,-10.109319,40.979637,13.979037,-0.9898583,-0.18847127,7.4250784,-3.6333375,9.54514,-2.9410646,2.4362514,1.9947804,-1.2870497,1.3565394,4.423685,-6.5204806,-0.034598477,-1.4115795,-3.0789087,country
0.3592578,0.07824791,2614.1281512828127,2655.9181746441463,5435.150467722039,0.11928688261900154,-153.86736,83.68425,-8.418768,13.969093,13.55185,3.773254,3.0063746,6.347874,2.0667963,2.0754557,3.1952746,-0.47532386,-3.0259306,-4.537771,-5.0488076,-4.925893,-6.1356635,-1.6660156,0.46549776,-1.5515391,country
0.32843277,0.10860429,1589.6339834802307,1805.887270882007,3159.789226520172,0.07391451903541021,-170.90068,124.81326,-19.26219,39.207195,-3.7551029,15.289894,-12.972989,8.530162,-11.833665,11.321367,-13.773078,3.102461,-10.078782,2.8970032,-5.4846816,2.528155,-9.198528,1.0730356,-3.5728154,-6.7214937,country
0.31574336,0.08205686,1138.6702901800775,1462.0454419306657,2117.4705292787344,0.050959631385448914,-256.06357,163.10162,-22.872879,26.93337,15.301944,-3.50522,4.2170873,-0.7930169,-9.463186,1.7569612,-4.4230623,-3.6401737,-4.252334,-8.109075,-2.376017,-5.145593,-11.161296,-2.412988,-0.53969055,-4.7787414,country
0.37180796,0.17973058,2187.464108981419,2242.0976879508016,4841.679056362471,0.11375403625677244,-60.84931,105.47066,-16.914597,40.701183,-15.038137,36.046303,-12.818773,17.483316,-16.755318,11.757575,-10.130224,13.194357,-12.209436,2.3576705,-12.200347,6.448179,-1.7883271,6.3295717,-1.3351489,-2.7925985,country
0.33104125,0.06050447,1823.4330215874613,2206.257974253683,4016.8007109556406,0.0676016320385062,-237.99355,97.70347,6.5267434,45.97762,2.154769,16.221973,8.825113,7.7670097,-0.5937915,4.4802604,0.14091586,3.0210772,-1.6638006,-5.4229407,-2.8296824,-3.0536504,-0.4980622,-0.11182406,-3.8595042,-2.6508052,country
0.34938735,0.08349272,1130.940763773945,1458.3870780464247,2216.5365969064437,0.050243082430340556,-229.4689,157.31282,-16.762049,31.879862,-0.11036781,16.656443,1.3551736,12.223303,-3.8625035,6.8392315,-4.263226,1.3375673,-5.8956633,-4.0342135,-5.254957,-4.548438,-6.8075128,-4.4060044,-4.17981,-6.349776,country
0.28894135,0.1098368,1043.9737111043523,1393.023731509997,1945.0382386198723,0.04559534031540248,-209.38939,167.1398,-20.865452,36.817654,10.305036,3.9740632,-5.6623545,-4.638093,-6.237971,-4.177865,-6.688475,-3.2634773,-7.967006,-4.053322,-4.987053,-4.496617,-4.010354,-6.3978004,-5.91674,-8.175598,country
0.32257736,0.07976905,1425.8089845409772,1648.61482287627,2880.507581964735,0.06017386138254644,-210.17337,139.61768,-16.979994,58.003025,-9.654813,-1.9645082,-18.001234,-8.207506,-11.778447,-7.882443,0.60710585,-9.965226,-6.466774,-3.8483531,-12.04527,0.3174676,-8.042391,-6.7930903,-1.8463355,-5.9385214,country
0.37335324,0.13353112,2271.2893251438104,2297.1096206412185,4956.728360675068,0.10825444744098298,-84.74407,100.98661,-16.020493,51.761948,-17.082294,22.577103,-20.299927,18.914927,-19.492683,15.328484,-17.741413,8.5831175,-15.000552,6.4369044,-10.276651,3.2850335,-9.550155,4.046603,-5.595068,-0.70832443,country
0.3521581,0.0871251,1327.824096106779,1632.8005227389544,2755.9750016628773,0.06108731012964396,-217.16399,136.1694,-10.362345,51.38904,2.612239,15.127788,-0.6809186,12.287425,-6.226423,7.802322,-5.4090776,3.624703,-2.8072162,-0.36028814,-0.55972064,0.36299628,-2.2528903,-2.496232,4.1936774,0.35145837,country
0.37629452,0.043252815,1143.943990289628,1443.341974961158,2222.2448957224747,0.04985797515963622,-302.58185,150.15967,-3.7027931,26.923803,-0.26331332,13.522552,7.248564,4.217868,1.7668287,6.5633116,-0.48897058,7.8965797,1.3293303,0.47706676,0.0748471,-3.205135,-1.8265169,0.874435,0.5740036,-3.1530657,country
0.31836504,0.09411102,1474.0010327537864,1885.7963023939287,2925.3573107645607,0.05981898824496904,-169.19261,132.80664,-13.484967,31.182266,6.3355885,-3.7656243,-2.0574634,-3.6175504,-4.556713,1.2857976,-6.986225,-7.255016,-1.3873173,-9.508183,-5.4185114,-1.9065213,-7.168161,-1.4283392,0.159331,-4.1142426,country
0.347311,0.07990662,1565.7683179567373,2016.5056375841798,3190.1057098672118,0.05730313044214396,-200.55319,119.65538,-3.604682,31.952969,9.957966,15.293299,0.6486007,0.23646227,-4.476717,-2.3108826,-5.255605,-2.473748,-6.0480223,-0.8033076,-4.7065086,-11.29183,-8.867358,-8.068559,-3.1603546,0.33031368,country
0.32129815,0.055430457,857.9961382033647,1237.6766228928875,1445.8079240639513,0.03538187221845975,-328.72546,167.05113,12.988393,28.820633,11.246063,14.4267235,11.705961,7.8041215,-11.729082,2.3853807,-8.347571,-3.8573146,-6.7459235,-5.7640862,-8.251607,-4.5495777,-1.0538642,-4.606028,-2.8582497,-2.2324877,country
0.31502813,0.13006444,1741.8149971403939,1985.7625460094791,3791.6270725498257,0.07543756349167957,-137.88376,121.523895,-13.267188,43.31873,-10.709388,17.858778,-7.9495444,9.089492,-19.792677,9.440964,-19.59838,6.9078736,-12.543895,-0.7556322,-9.14944,1.4457071,-8.303117,-3.7529562,-6.868935,-0.480348,country
0.3916037,0.117697,2386.8223453587584,2715.9968533779856,5389.550743457334,0.08702592879256967,-101.28809,84.13902,7.751808,30.383919,13.85436,11.632601,-0.11175934,-4.939071,-2.3706596,-1.974887,-8.18772,2.8250737,0.5467093,-6.795643,-4.3111024,-4.577833,-9.847294,-5.6903605,-10.405996,-7.5132933,country
0.37411577,0.10333062,2109.4728877007824,1933.8739158319513,3843.9517561496227,0.11589196739551083,-126.891594,103.492065,-31.892567,58.71933,-1.958355,-3.130634,-2.9370546,0.36575204,-3.0380836,-0.82976246,5.585166,-10.142879,0.7323167,-1.6198152,-10.050464,-5.2108836,-9.042456,-4.738783,-1.0380155,-2.8514988,country
0.3536456,0.15263915,1623.0094789002953,1963.444341328731,3527.637002194998,0.06606309258900929,-121.94323,123.23766,-8.495368,51.596375,-0.10351177,20.407001,-11.87541,16.275984,-11.508766,11.847224,-8.085656,9.13035,-8.638806,5.559068,-5.7146044,3.9428213,-5.466576,4.9758854,-3.0355785,-3.316733,country
0.3681032,0.080029346,2812.414612083667,2842.082595520709,6062.846672128967,0.12956497617550308,-126.18548,77.63614,3.1659162,19.95085,10.833183,0.7266966,5.217696,-0.49295223,-0.99936336,5.3890133,-3.735502,-3.5004714,-5.3318467,0.28486115,-2.0108876,0.8345812,0.32884517,-1.1148981,-4.387004,-2.6085503,country
0.26330346,0.082580954,1512.285769157878,1865.6110493735246,3238.930414630902,0.060115282749613,-217.74222,128.3469,-7.513689,39.265003,-2.55562,18.173008,-15.16671,16.770922,-15.265885,4.899209,-6.51376,2.8973563,-11.506304,-0.105543956,-10.623799,2.2620747,-9.167435,6.8667717,6.235957,3.3692782,country
0.36476815,0.09264681,2951.9486784809105,3036.2061234055395,6568.8436124346945,0.12474225401509288,-124.63312,72.52177,16.71368,18.248219,12.22479,8.088156,7.9822297,-0.5219015,2.3674657,-0.5643611,-5.573392,0.5387731,-5.067154,-1.1601874,-3.5754244,-3.6894364,-0.16905996,-0.64208156,-4.1438947,-3.999883,country
0.34799957,0.15299171,1560.8796813263727,1782.7974966049771,3175.26413294553,0.06718742441466719,-148.44179,126.859146,-19.540855,52.85061,8.579711,17.891018,-8.081843,17.78146,-15.505314,13.504546,-10.957893,9.476342,-1.924604,1.8717722,-2.6636999,3.3802793,-3.519101,2.1003568,2.0882504,-0.10796288,country
0.40328202,0.09496325,2530.853994149147,2491.487169319094,5071.785998270608,0.1343000193498452,-101.19903,85.43055,-19.69571,20.584856,9.973624,7.594193,0.10405606,3.405438,0.046411835,1.5777522,-1.4500953,-1.2814347,2.1464107,-4.7943435,-0.3170538,-0.42996433,-4.8876414,-3.0000095,1.0770751,-1.4569033,country
0.33393723,0.13140647,1615.0641667795348,2016.8360437671106,3659.7028702774282,0.058282716355456655,-185.42262,118.46735,17.795294,48.887688,-2.1608033,21.370108,-9.00116,20.535988,-11.416625,9.282177,-5.48167,5.7548065,-2.9795694,3.451475,-6.077711,1.2669593,-5.9532423,7.0720186,-2.1684463,4.8688564,country
0.37969851,0.104739495,1959.337324250709,2147.1033968251777,4208.8912160773025,0.09426624782314241,-116.176384,111.72996,-5.245513,33.995697,-12.458565,4.2506166,-14.428153,8.494949,-8.19823,-1.3456506,-12.559847,-5.0054927,-2.1499324,-1.8379672,-8.272397,-3.0211012,-5.472165,-2.941531,-2.636676,-3.3716762,country
0.32141724,0.07503542,1719.3372066856614,2141.9342898901655,3448.595813479586,0.06805325440208979,-195.12416,114.29301,0.0014294131,38.17855,11.291479,-6.075158,1.2188283,-0.004192813,-15.420767,-3.5709002,-6.125418,-4.500051,-0.12475661,-4.3862214,-9.412581,-10.716871,-6.5419583,-10.051359,-7.2627325,-4.007446,country
0.39776525,0.11318445,2634.0466588107224,2898.654345079428,5807.6232154302925,0.09585618529895511,-111.69472,82.26009,13.068496,31.93008,23.683031,-0.53237945,12.029794,3.6602068,-5.7385216,3.333035,1.4207493,0.7725831,0.5596443,-1.1348552,-1.7467116,0.5584442,-2.3236961,-4.612612,-0.62006694,-4.944747,country
0.37052384,0.17646493,2334.8728689120853,2212.4728152145813,4838.912406425358,0.12121959957914087,-50.77633,96.71718,-24.32611,66.076126,-14.680635,24.391264,-21.017483,12.469584,-18.131815,13.267164,-12.80216,9.79845,-11.34408,4.923645,-7.8461757,5.7390184,-10.303219,3.731098,-3.238227,0.3819304,country
0.3127688,0.104260966,1654.614331906288,2105.5250083120295,3908.434699563419,0.06020787478231424,-175.0163,115.70679,5.106451,58.160652,-3.3279533,29.664286,-10.02876,19.65578,-16.30351,13.737743,-8.81984,7.2240396,-8.892759,4.749917,-11.493278,0.91233027,-8.153264,1.186422,-7.9808745,-5.6468606,country
0.41387543,0.23043084,2937.8328051469803,2839.590747196393,6279.203697180969,0.12698751632643188,-8.001198,62.72801,-1.4580808,28.11585,9.972364,9.353736,5.420156,9.825023,3.0283055,8.426978,0.3110376,6.545157,0.7390594,-1.7741019,0.8506022,2.9827795,-2.7668257,2.8226829,-1.7435719,0.9709403,country
0.3671552,0.09092475,2860.3399496357706,2919.8629475089024,6247.037225020559,0.12115799753289473,-118.028564,74.167015,8.288137,15.462522,6.1549697,8.443999,4.118831,5.7389975,-1.9503189,3.1639113,5.0408573,-1.1298938,2.4367034,-1.4256318,-4.7408276,-6.3695383,-5.747558,-6.266189,-4.5168686,-1.0093789,country
0.38583267,0.1664755,2253.250681954205,2261.407343786666,4798.970981279025,0.10609270692240712,-68.62352,101.35413,-16.908741,51.526352,-10.228337,20.050034,-21.784992,15.52476,-18.795237,16.35905,-17.893852,12.126648,-13.205328,3.8833303,-8.886961,5.021148,-9.827744,6.5361457,-4.506943,-1.8084142,country
0.43781942,0.0963117,3760.4244872923673,3053.0667721793766,7442.646662000532,0.21237475510352166,-89.73638,36.286205,11.469536,37.49559,9.199137,3.7405193,2.840358,6.81154,1.4674553,0.09733813,1.0258603,1.1755474,-3.5642974,-2.091178,1.711515,-1.3672683,-4.376964,-2.601609,-3.5284464,-4.22725,country
0.42975277,0.23653284,3191.4845774083215,2948.097882896547,6926.349783977119,0.15687886996904024,12.163202,58.97738,0.918863,26.749128,9.254704,3.5763056,1.5831512,8.648173,0.97104156,11.627411,-2.1597264,1.1948515,0.47236955,4.408359,-0.17110047,3.099949,-1.1844647,4.545524,0.8650014,1.2720964,country
0.31676006,0.10454683,2456.555660328323,2387.529908663669,4914.728614641786,0.12361565462945047,-133.33652,78.99037,-5.6506476,35.522865,-7.5477095,7.9280396,2.7298074,0.39645386,-1.1331302,-1.1071388,-7.8454447,-1.1711783,-4.8140182,-3.1399326,-5.0448146,-1.0937084,-0.96363324,-2.4559505,1.1548455,-1.8392489,country
0.32361743,0.14357977,1600.3408733031765,1826.545250818989,3007.5151473006968,0.07581624600909442,-109.98739,134.74861,-24.026146,19.394619,-4.4071765,-4.8148885,-7.800573,-0.39370042,-5.4159317,-2.9570003,0.78146684,-4.776982,-0.1722172,-1.6905773,-2.4042225,-1.962415,-6.938368,-4.0739036,-1.955714,-5.7928257,country
0.37397298,0.07204185,2069.180155621707,2437.8452686900728,4234.307729053792,0.08500288735971362,-173.44412,105.05278,1.1553174,24.114843,22.12515,2.5424933,-1.5812404,0.17491437,-5.323045,3.8141825,-4.5238996,-4.587283,-1.5664964,-2.2571905,-3.857909,-6.458283,-7.4685717,-5.5333877,-2.1898677,-2.451863,country
0.28438237,0.14543544,1535.3805435364122,2011.466278916483,3510.4121063515868,0.052538986914667185,-185.11383,120.50994,29.717463,56.400288,-3.0346599,22.222614,-10.344736,20.05401,-13.685048,9.170434,-6.428534,3.296779,-8.73777,5.0113945,-9.227385,3.778635,-10.201929,5.9120355,-4.424709,1.5817274,country
0.3553505,0.27419725,2506.169376457896,2573.5151280626237,5478.791870495114,0.10473972946497678,-19.72382,76.66849,-4.84972,32.24758,7.6701546,17.224527,-1.4669178,9.143322,2.7177043,9.111842,-2.6976073,7.5035057,0.33303124,4.9300003,2.8014677,1.8928759,2.4545383,6.4017086,-3.336103,6.319225,country
0.3451366,0.1565894,1711.2104216664566,1873.560298016591,3556.48682774405,0.08227350099167957,-96.28298,131.92026,-26.322136,35.982155,-22.807709,14.489155,-11.834165,11.801548,-21.218061,11.527783,-12.925011,7.1762285,-13.93854,2.9490697,-5.027492,1.5300565,-4.385611,2.5454047,-5.36611,-5.9700713,country
0.31330618,0.10080858,2052.937539079165,2187.74961377564,4094.358575307179,0.09529609798277863,-130.49472,104.13707,-19.261402,34.15362,5.4139214,-2.1668842,-0.72687995,-2.8929856,-5.459535,4.0802116,-4.4622407,3.523582,2.1470132,0.18757653,2.6818898,-3.0753503,-3.1991122,1.6599616,-0.68065405,-4.373587,country
0.33794,0.13540749,1596.2209122528527,1853.2491399296675,3291.4800968701625,0.06926526521381579,-146.04883,124.6481,-17.922832,49.225044,-0.17947218,22.789755,-7.1734548,16.74798,-9.72366,15.444622,-7.621329,10.908755,-3.4551344,5.4222636,-4.935968,5.1227417,-8.049169,2.6350667,-1.8498018,-3.4177594,country
0.31916454,0.13618691,1468.746159645324,1960.7336227819146,3213.230570034346,0.054941088791602165,-164.79195,123.42045,4.2346587,48.78873,-5.1513286,22.844547,-7.805295,19.294296,-11.024412,21.256271,-9.740568,5.1541286,-6.141108,5.4140997,-9.923704,3.913533,-7.326435,1.3926384,-8.839242,-3.741455,country
0.32571617,0.2179833,1754.1360136048195,1861.99874061818,3504.895473043247,0.09739925986842106,-69.88548,124.21147,-32.470196,47.69471,1.3983799,22.617672,-8.754296,21.44351,-15.66597,15.7432,-12.427222,9.581968,-9.056125,2.8903317,-3.19643,5.830155,-5.616021,4.165293,0.12036123,-1.7134397,country
0.42083365,0.21448013,2800.214423030315,2773.173156404822,6004.497024961301,0.12843724300986842,-23.146042,71.355415,1.3973156,24.47451,16.34997,4.5169725,-3.9798617,18.038277,-3.358467,2.4740372,2.9799597,0.83682466,-1.1464859,0.1685778,-3.301721,0.18618391,-1.2149608,-1.5663675,-2.7524984,-2.1101038,country
0.25082582,0.092549935,1537.7642290059414,1716.1980066788772,3055.1981923011804,0.068123926688274,-213.60236,117.2127,-21.871767,45.657654,-10.274455,5.0603113,-11.910962,5.5678525,-17.80463,0.18699679,-14.165855,-1.1532599,-10.306381,-4.0470624,-6.634064,-5.417386,-9.71623,-3.202915,-4.4483943,-9.152064,country
0.31024566,0.11523083,963.1958805922379,1234.859684338764,1752.8894005176085,0.04576843072755418,-229.1472,180.35635,4.520912,24.184399,1.110938,3.9924328,-5.9960303,1.8722131,-13.136265,0.0047050924,-13.499954,1.583683,-13.435795,-5.69453,-7.607403,-9.802798,-3.780376,-4.796637,-4.7147093,-2.9630826,country
0.29724708,0.14610802,2307.5397576425735,2618.0952399297303,5187.343632842734,0.0741337165005805,-120.72672,79.31614,5.453445,34.812138,16.550337,13.152538,6.239588,9.984545,-1.9874377,6.7651973,-6.290685,0.27700415,-6.7018795,1.6440436,-1.7412106,-0.66638976,-4.842762,-0.28317103,-5.389651,-1.9393586,country
0.42144912,0.24406008,2898.787368032488,2878.9661651993006,6400.052966421972,0.11293582502902477,-20.817461,64.90752,6.7671013,26.357128,11.665423,13.18563,-1.9791069,8.582198,0.4728952,7.441096,-0.41490924,6.945586,3.660607,2.0337164,0.6502081,4.382774,-2.802764,2.975754,-1.8402822,-2.3632526,country
0.31023443,0.09065509,1784.3451875096134,1840.1470652453863,3556.786825930002,0.09412943837074303,-165.51903,117.87927,-33.606743,42.62332,-1.3848823,3.831391,7.169803,-7.170014,-1.6314924,0.875455,-12.514056,2.8942633,-12.372039,-1.3238246,-6.636533,-8.864955,-5.1069417,-8.079849,-4.2646637,-0.15898132,country
0.38101023,0.22073805,2157.2057766804382,2160.0886591075177,4477.88958948094,0.1082567150009675,-42.16572,106.27835,-24.220884,44.67147,-12.33506,20.518545,-16.044443,18.488562,-18.78101,15.5109,-15.464727,8.930742,-9.987847,6.9245358,-8.796884,4.571828,-9.043404,1.0606862,-6.4489336,-0.99137706,country
0.3749396,0.09581227,1549.1920056300594,1823.8559848265636,3290.171771448094,0.06975279061048761,-167.00984,132.44344,-17.294891,46.932304,-3.650355,20.946674,-8.830444,8.546585,-15.151556,8.105513,-16.944101,6.6470165,-10.924017,1.1015996,-6.2937393,-3.6414776,-7.382185,-2.1708155,-3.8498695,-9.668264,country
0.34205148,0.14100803,1373.0379665331902,1930.2022840004208,3068.9564424402574,0.04291659612035604,-178.51938,130.13269,12.088973,47.051086,2.622492,24.094347,-4.6277113,22.772083,-10.941142,13.539126,-6.8097215,8.71216,-6.0909195,4.079459,-5.152721,7.8594203,-5.2554727,3.956895,-3.139935,-4.387821,country
0.34798485,0.16375947,1796.1137426759592,2148.3012551703027,4163.80815535507,0.07327015407314241,-101.38997,120.45385,-0.406586,49.042423,-15.863626,19.873766,-13.094367,18.574186,-15.706966,15.254118,-5.9068413,6.6473475,-10.359328,7.085957,-8.217057,6.2007136,-8.389561,2.9200683,-6.6528335,-1.3233222,country
0.39177492,0.116559245,2012.1998825497253,2140.5495163521114,3908.3263668851587,0.0973951026751161,-100.73445,106.97025,-27.180395,29.091337,5.039497,-5.429044,3.2457469,-5.1666436,-5.1038218,-0.8067117,-3.830983,-2.7171009,-6.651433,-4.670355,-5.697049,-5.9915314,-10.221572,-10.535936,-5.7311044,-7.2916656,country
0.3667726,0.20664184,1474.927396796844,1745.8524867489689,3108.406203892947,0.06299281636996903,-104.37176,136.39383,-20.940237,52.86117,2.0258925,20.42771,-11.619364,17.6638,-15.735385,11.049823,-11.320434,3.6714091,-6.496492,0.03770931,-2.041166,2.193797,-7.1122384,1.8450228,1.677693,-1.4936918,country
0.322121,0.10459916,1321.7303763628809,1667.266319633863,2584.1010409612036,0.05250308388157895,-205.14923,140.98761,-8.957961,36.979435,6.425447,14.87537,-4.3181143,12.232443,-11.431655,11.8509245,-7.9033794,9.912309,-2.3516479,4.477266,-5.0110164,3.1385357,-4.5251346,2.6503327,-3.122873,-10.712698,country
0.41735208,0.20384075,2926.865766278933,2736.268564740949,6172.429342830882,0.13645079999516255,-24.692423,62.388386,-7.7689857,28.530293,10.947267,5.6092887,0.032920755,13.834211,3.0137305,9.866081,0.81874436,5.8707213,-1.2669299,2.9947975,0.94076437,2.08431,3.0438797,3.0530632,-0.13393758,3.6150696,country
0.3733921,0.10899377,2449.9415972837987,2560.4616825468997,5043.0028389851,0.10633306828076626,-102.8967,85.32916,-4.324985,30.583778,3.0101569,-1.9592187,4.4452953,3.4205205,-4.253563,-1.7714001,-3.970628,-1.3591874,-3.7630885,-5.1772523,-2.8950465,-0.26965052,-7.4211493,-4.0963783,-3.450185,-10.114285,country
0.3509873,0.10938402,1779.4961449189584,2035.9825105917735,3873.6182434270995,0.07890693026799536,-143.12674,121.898,-13.34437,47.77785,-12.660495,23.372252,-10.99492,18.8561,-13.706635,15.950975,-11.356477,10.2887,-6.0024843,2.7361465,-9.2863245,4.504716,-8.325128,4.522384,-6.0352874,-2.3523784,country
0.32867116,0.17533581,1555.9530444453296,1761.5697042735578,3218.1472069707816,0.0672293742743808,-124.83958,127.38223,-23.38181,47.360462,0.5631121,15.991253,-9.954186,16.180136,-16.72955,6.7851977,-8.187069,3.2049851,-1.5920385,-2.1546223,-3.5263731,2.2071297,-1.4075696,-1.6892785,-1.0261391,-2.6274638,country
0.32071486,0.13643475,1701.133231854635,1709.034417820481,3242.2803943740323,0.09886750495839783,-102.5161,135.7217,-46.895443,32.746292,-11.160357,23.465738,-9.766419,16.901644,-11.6851,13.207405,-7.1831417,4.7356257,-8.202423,2.6096532,-2.9877605,6.806237,-2.0788653,3.2920237,0.28343952,-4.218771,country
0.3297363,0.10049913,1270.4148783967134,1702.296029495803,2498.2598933642125,0.05483186798568111,-194.26964,151.78432,-3.0342526,29.480589,9.101757,5.9855814,3.7844458,3.765722,-5.8694096,1.5940248,-3.7664156,0.92959195,1.972304,-2.23195,3.3600004,3.7546601,-1.1347994,2.2319846,3.3677242,-4.13741,country
0.3099462,0.11707953,1214.054895968694,1555.3850334761114,2274.1112487604005,0.054208666916602165,-171.28874,160.4967,-17.804441,30.512203,7.514744,-8.2560425,-5.670383,0.13195069,-8.836379,-2.6552684,0.70573187,-3.7849605,-6.5005155,3.7841282,-5.431032,-3.0764792,-6.2547708,-1.940013,-0.8349335,-1.4339762,country
0.36993918,0.09677969,2068.772763718777,2370.0194416842432,4098.033553085091,0.09561053296729877,-131.14856,102.99638,-11.533306,17.739641,16.962389,4.4356074,1.2965345,3.4184601,-1.4990548,1.6171724,-7.983499,-0.82497555,-8.876752,-3.842363,-4.4875875,-8.93866,-6.3803945,-1.5118134,-5.409956,-8.0434675,country
0.39037266,0.1301793,2167.0242315710375,2277.7405542601186,4794.804339807469,0.10237579818111456,-94.09417,109.16863,-11.849949,41.56547,-19.475983,23.831955,-19.935585,20.374748,-17.28199,16.585613,-10.199126,9.392066,-10.051931,7.8054934,-15.095585,3.274391,-10.467716,7.547813,-5.550231,2.232779,country
0.3873131,0.15323907,2049.894019739639,2188.355870987396,4435.848177032943,0.08940724470297988,-100.95597,111.607635,-13.152135,44.59755,-5.9610386,29.337101,-7.956897,19.591026,-22.446842,17.270527,-17.831654,11.408343,-12.451892,1.6513617,-8.525837,2.71905,-7.3074555,4.868775,-1.2129413,-1.2930746,country
0.31836504,0.13104534,1436.0348088902886,1729.59750206131,2924.248984133127,0.05955141616679566,-148.55994,141.28052,-15.883038,44.655064,0.9918742,13.6621895,-13.24034,12.651493,-11.702233,12.159909,-10.476019,9.908223,-5.055811,1.3398398,-0.55776006,2.8566825,-8.09752,2.113483,-2.48322,-4.4316616,country
0.3718834,0.1335073,1879.9377906980571,2085.606346373194,4031.9756191950464,0.07831736467202012,-122.427414,111.48314,-13.694294,53.82841,-2.677765,19.67755,-14.138923,13.743676,-14.016459,14.626713,-13.9932165,9.218205,-10.559242,3.005726,-8.314941,5.073639,-9.646631,4.321746,-5.6819,-1.6688955,country
0.33729205,0.13140137,1513.196622643609,1558.1150005356603,2922.698993505708,0.08784300624032508,-118.23319,152.9432,-46.513092,31.120495,-17.286913,6.27733,-3.6798613,13.048771,-13.126935,15.706044,-13.076928,5.7017612,-10.694594,0.99795824,-6.701846,2.5876024,-9.8034315,0.16060065,-3.454817,-7.41952,country
0.27044433,0.09660107,1739.3211961592144,1907.3936481055603,3425.5292862930532,0.0824598188370743,-199.98285,109.12155,-5.5460243,48.132893,1.2039804,4.5974913,-9.152174,-1.471275,-11.66506,-5.204099,-11.550538,4.9783483,-4.98082,-6.0473065,-0.68728906,-8.536201,-8.461553,-7.943485,-7.613289,-0.385953,country
0.34464782,0.022713259,1827.093958381686,2050.585534980529,3647.25294556042,0.0848248839009288,-339.79913,97.78101,-9.6959095,50.986897,7.824946,11.747368,0.68476117,2.493834,-4.775411,0.19351819,-5.974665,-2.8948972,-6.157009,-1.844581,-5.355183,-8.306349,-10.72806,-7.740845,-3.4437325,-6.962086,country
0.3759381,0.0999719,2322.0772479079756,2545.6257559133423,4581.230631258465,0.10437125096749227,-120.383224,95.348915,-6.0082717,25.168932,20.961815,-7.139916,8.552629,2.4400122,-14.6636305,9.296396,-2.3618505,-3.156473,0.60948354,-4.4258313,-7.452153,-0.4442456,-3.587983,-5.025636,-2.523358,-4.751411,country
0.37873682,0.16790287,2101.538599563589,2152.183984058375,4416.156629438371,0.10102962340363777,-74.1483,107.63805,-21.198166,47.234455,-5.9763155,17.812094,-20.399551,14.992423,-15.965241,15.734073,-14.664024,10.681491,-10.128547,4.450296,-7.654799,6.92382,-9.014679,4.166694,-3.74804,-3.592914,country
0.3144577,0.10717965,1397.840984804417,1895.9827784828635,3101.314580108359,0.048586629861648606,-186.3924,135.86008,5.9285007,45.8605,-5.7662745,22.786795,-13.002946,17.122374,-13.756378,9.734511,-8.368886,6.6592264,-9.09154,5.422998,-6.853948,1.5488516,-8.558102,5.4474516,-4.3634577,-4.7068324,country
0.30551112,0.038845718,1496.56913504939,2333.0838753541902,3056.189852971411,0.03548126693111455,-353.05426,110.63211,32.74338,24.164185,18.746185,5.9248896,-1.740166,3.8813748,-2.987254,-1.9034866,-2.8664541,-0.9788747,-6.4891205,-4.2524424,-3.7505193,-6.0119343,-7.199875,-2.5195584,-4.032561,-3.4128342,country
0.3827643,0.2093933,2966.1571589936843,2848.1234947138532,6349.4199392596265,0.12416100280572756,-20.781351,62.950436,2.3044403,30.773722,6.973462,6.5058117,6.3236365,9.873087,3.435297,9.372203,-0.40415794,7.5194154,-0.9842739,4.0191507,-0.6624488,-0.06125191,-0.16676468,0.24374035,-5.4381933,1.8272818,country
0.36554465,0.10520261,2409.267879260446,2533.230941226111,5215.735127829915,0.08685812935371517,-161.09125,74.70691,22.4216,46.01199,5.2690363,25.11239,-0.5864292,10.375498,-6.830219,5.0498123,-0.76978654,1.4022417,-6.0112886,-4.0060997,-4.7936296,-2.8669364,-4.986899,-3.6081996,-7.588422,-3.2281842,country
0.35334733,0.08943178,1563.4183306021262,1779.217568981513,3233.9637779968075,0.06475622218459752,-193.78868,125.56074,-20.92412,46.337997,-2.6854281,12.8333645,-6.601932,10.727053,-10.90748,6.10927,-9.442729,5.1639447,-3.6584952,0.32129472,-8.018198,0.39792088,-6.5234585,1.1838368,0.72002184,-5.210152,country
0.35718656,0.08870292,1469.7849502285726,1959.9876648535565,2966.873726387142,0.06385600087074303,-171.33904,137.35457,7.964579,28.539564,2.708197,-0.5015104,-2.9561005,-1.1593424,-6.1596613,-2.4005284,-5.853389,-2.1666093,-5.343713,-2.7834227,-1.5698566,1.2948383,-3.4124453,-0.89462763,2.6330261,-0.0997729,country
0.38869795,0.059198096,2143.645601948083,2414.24151082027,4956.820026787442,0.08475043234810371,-219.45566,94.70133,12.129366,48.870068,-7.2120824,16.628513,-15.087896,21.71444,-20.00235,13.238804,-15.698357,5.0570116,-15.283744,0.073900215,-9.203971,0.23449835,-9.558946,-0.75156194,-4.5294027,-3.6864774,disco
0.43484274,0.11449887,1975.227458099991,2090.0411850498886,4251.4826251995455,0.09303307311822756,-121.09524,116.942505,-22.786968,45.148933,-4.239051,30.256325,-12.245273,21.729876,-16.540764,16.23328,-10.655168,7.3304195,-9.35395,5.7834063,-8.41908,2.7517529,-8.0942545,0.36947227,-3.2401583,3.5852838,disco
0.46825805,0.09841011,2487.5432668509993,2277.1621946379596,5009.186376801954,0.11808431997387771,-159.86688,81.975266,-16.765373,52.506096,-4.44803,22.865051,-8.226279,23.367426,-5.5284686,17.693354,-15.369107,10.806196,-13.526737,1.744038,-6.560188,5.105752,0.3296962,6.998458,-5.4562087,0.80631286,disco
0.40115502,0.11133677,3248.532892801311,3305.018067234049,7422.538450258804,0.1240548054131192,-115.13256,70.425385,31.242796,11.176329,13.06419,3.8674586,1.8087032,4.970711,-1.0388265,3.9260278,-1.2926351,-0.68841577,-1.0751352,-0.14145261,-2.161364,-2.317059,-6.3917284,-5.3133707,-4.997711,-3.8522289,disco
0.40127054,0.14301582,3042.993183926036,2969.1343437380074,6611.985018231182,0.1315751681017802,-68.0946,66.36573,11.869311,21.98204,9.769293,6.6966753,1.61153,3.8194947,0.95873666,4.7739143,-4.2044983,-0.05883116,-1.2347757,0.077795826,-1.1298579,-2.0621068,2.5659895,1.388854,2.1794925,2.2477427,disco
0.3531612,0.12425735,2252.122477978003,2165.4098583810123,4558.63910119969,0.12191385086106811,-95.8729,103.33598,-36.4608,27.125103,-22.873163,9.985935,-24.656694,15.6701565,-20.151213,18.746262,-18.563173,9.864556,-15.108639,3.8944132,-11.188668,0.51242065,-5.4709244,3.1176527,-7.906383,2.972252,disco
0.45301628,0.084769994,2292.577700466476,2348.189624461128,5038.611198874081,0.09981534503192724,-154.6233,97.9326,-10.357319,39.12367,-11.213964,24.11131,-11.846502,24.19123,-13.460304,20.553188,-8.327632,5.8674507,-9.686904,3.9443223,-8.819821,3.3122118,-0.29934224,7.594323,0.65621126,0.80801857,disco
0.4203313,0.1736528,2875.523793893122,2760.719592455261,6020.16359689435,0.13478414340654024,-62.788113,77.8459,3.5353396,26.01288,5.932444,11.292923,11.104592,-1.959662,1.8299742,9.186841,4.0683775,0.9767576,5.618282,0.6827659,-0.13502215,2.2042742,-1.8583153,-6.8201756,-3.192486,-3.5373251,disco
0.41569665,0.20663263,2308.7942063741325,2277.8689541923422,4944.128436865083,0.11760246347716719,-56.901474,97.02408,-17.874454,44.933502,-6.932389,23.81333,-23.314041,25.996197,-10.4801855,10.453681,-15.226058,10.030943,-9.161243,3.7398648,-9.396588,3.4830155,-8.049632,1.6570376,-6.018549,4.411454,disco
0.34097588,0.124338545,2328.7358232995766,2432.2106054853166,4868.278895516883,0.10118608504256967,-107.36452,91.02147,-8.338967,34.284466,-1.9262824,3.7966006,10.531457,5.5613923,6.9440746,4.7774057,0.6849834,-3.8546648,-2.5791147,-0.90398234,7.024839,3.7832522,3.34388,5.20636,2.8768697,3.1789966,disco
0.4739877,0.19194463,2848.2245207476594,2490.6496151623014,5506.550035978618,0.16366529907604488,-14.574397,65.21034,-19.872639,31.508333,-4.82645,11.862321,9.994611,5.9573913,-3.80337,9.377889,-4.387916,3.339541,-4.444171,-1.2671181,-0.8362672,-2.202067,-4.7423997,-2.6242146,-7.4693313,0.22922212,disco
0.4118954,0.16131842,3591.73383244625,3398.251476007568,8074.159509995405,0.1533482790731424,-53.18525,57.178467,21.168884,11.324466,18.122362,1.6665678,0.34381634,2.3196,-5.1097417,2.7499394,3.1528797,-5.519139,-3.1672285,-0.5232684,-2.6500192,-1.9904132,-1.2388089,-3.3710394,-3.7308135,-1.440452,disco
0.4268951,0.15116338,2387.922380957909,2191.0049201766205,4919.661918144108,0.12770671076818885,-107.8676,81.936584,-30.63407,41.331936,-8.509501,31.333733,-8.869069,26.030903,-8.280141,17.894875,-4.652871,7.4255114,-4.3527155,4.491105,-4.0987015,3.0722194,-0.28642225,4.993085,0.40634844,3.8392715,disco
0.37260482,0.14297517,2625.095043461179,2709.9901686000894,5606.407765485923,0.12025853207236842,-69.599335,83.05957,-16.599525,0.11946942,7.4157043,0.76961905,1.337008,4.690686,-1.4208715,3.3284733,-2.8755646,-8.202937,-5.765528,-0.26638117,-3.2104325,-1.8850925,4.043784,3.6543794,1.9138741,3.6086924,disco
0.3882117,0.09222451,2144.2930792368275,2404.159447127944,4947.728415096507,0.06485183763061146,-189.21515,93.95932,7.9057846,41.8906,-7.092046,31.882492,-12.586035,24.2205,-6.0576982,24.537947,-6.025236,16.76309,-2.011797,6.3381166,-8.548104,3.8101697,-2.5845127,-0.8613346,-3.1122642,10.213785,disco
0.46051988,0.10635126,2651.3202472461626,2309.039109488247,5372.017516145027,0.15772391398993807,-77.198685,89.36664,-34.232285,38.68127,-22.269875,31.254675,-16.385426,22.344227,-16.015026,19.283667,-13.230427,16.72414,-10.393916,11.381442,-8.547002,5.7291126,-8.349093,3.0559769,-7.5780916,2.2519226,disco
0.3941139,0.13598101,2403.9325975307147,2395.0072403556587,4901.478694762239,0.12167764669601393,-62.305244,92.05401,-19.720612,17.629364,-3.1775432,5.41975,-4.0006166,8.885712,-2.4901588,3.1609387,-0.5298751,-1.4906911,1.2983328,0.9118191,-1.5740801,-5.345329,-1.377516,1.9313312,0.5238895,-3.3288658,disco
0.47108963,0.18535407,1887.648892045496,2191.1875941182675,4364.948605752951,0.07365715097716719,-106.24382,105.575874,-5.513561,50.055817,1.2439854,37.002605,-9.622075,24.011703,-8.668455,14.975656,-2.5260403,9.765439,-0.91157037,3.8560734,-1.5508842,3.566325,1.5332681,2.0969238,-4.013532,-2.6234527,disco
0.5680807,0.08925272,3002.526732630542,2745.823560012702,6575.051908227312,0.15866457345684984,-166.76927,67.73106,11.180094,37.42922,-10.941418,27.39617,-18.940847,27.29737,-15.843282,20.550398,-8.622006,14.187618,-6.0489855,12.008675,-6.071847,7.2803097,-4.233472,5.1343746,-4.524285,3.4615283,disco
0.45116723,0.1589932,2376.1512622758464,2258.535035544069,5006.728058333736,0.12878191212751547,-45.80532,101.740105,-32.07864,34.265602,-17.547401,32.327187,-15.645263,22.041265,-16.110874,18.677488,-13.079386,16.47522,-9.913809,11.567794,-7.7403984,6.1314087,-7.3614235,3.577981,-6.616034,2.8414466,disco
0.41464344,0.2158627,2361.735960891677,2806.608081873163,5438.25878225982,0.09018917497097523,-46.82642,103.7258,22.146416,9.233178,2.2635014,-4.791668,4.8094583,0.9585232,-9.4105425,-1.0655137,-0.8630864,-5.27438,-1.7578696,-3.6494386,-4.3126373,-0.086329035,-2.5016928,0.542379,2.518468,-3.544737,disco
0.41508642,0.10807372,2826.0632063160606,2680.6698684184453,6233.628972765093,0.12049624794407894,-116.92594,75.75966,-4.205478,37.287037,-5.338406,31.376095,-12.168357,22.909481,-11.437958,14.62477,-13.049892,13.4112625,-13.228818,8.251241,-15.236953,9.831918,-6.2129264,8.001914,-8.030048,4.399165,disco
0.5478755,0.29373863,2583.3267231399764,2626.356286005615,5855.539592353183,0.09977263931888544,-51.776085,70.33135,-3.9117005,49.74228,1.5879714,35.703487,-4.0886946,24.787909,-9.707024,22.039284,-6.1149955,17.18126,-2.7664235,11.962386,-1.6310151,6.9245086,-2.909797,4.91497,-0.48781234,6.7344437,disco
0.22014824,0.0469848,1710.8442048759703,1620.146459083234,3238.938747913845,0.08702290537925697,-280.9081,120.8154,-37.612255,28.736147,-10.789442,-6.4065223,-13.808618,-4.062509,-14.859974,4.7919664,-20.17432,-5.093951,-6.792037,-6.4094276,-1.758393,-4.126148,3.40499,4.251874,1.0147889,-1.1414523,disco
0.41186738,0.1770407,3290.4921281244474,2766.2269941018653,6514.877272095105,0.18854685685952013,-28.934706,51.97179,-7.610495,21.605566,8.128361,18.120981,6.8754973,6.5840025,0.7281346,11.147647,-1.8413451,1.6686252,-2.6266406,-1.3988688,-3.6203122,0.19592616,-0.5023108,2.492097,-3.4764967,-0.12979732,disco
0.41693324,0.099305406,2208.1328125649534,2353.792380762621,5075.635974990325,0.09361054506095201,-130.00578,102.49775,-4.443131,50.061092,-15.532888,32.12815,-18.18232,24.287848,-11.902589,13.763347,-12.898068,7.2710958,-9.37947,4.604164,-9.579843,4.24868,-4.6832943,-0.4549022,-6.882829,4.7626505,disco
0.45534128,0.19060382,2802.541418287883,2424.9610177239656,5449.683713174826,0.16440792497097523,-32.467175,65.001076,-26.69756,30.282537,5.7431293,11.739748,-2.1584125,10.449982,-2.3618212,5.3235164,-3.8081305,-0.86119616,-0.1878252,3.465425,-3.0110605,0.43562254,-0.9314215,1.178315,0.0062355064,2.8587084,disco
0.4141328,0.087620184,1959.5165152861578,2210.9024031622457,4352.990344729586,0.09003346918537151,-167.37817,112.48348,-4.5824184,37.09087,-8.613286,27.826746,-14.716945,18.52263,-16.490128,13.760585,-13.3312845,10.215414,-11.57529,6.7448564,-9.20085,4.9011545,-9.726242,1.5202264,-5.57738,-2.0606308,disco
0.44086853,0.12268789,2417.457577864453,2431.704296381701,5384.717439350329,0.11262743687113003,-91.59773,99.463974,-8.991618,40.185043,-18.037634,22.567213,-21.956272,15.782541,-25.665386,17.664223,-13.675539,15.635083,-15.469163,4.521297,-10.157354,0.46065482,-10.15142,4.7969003,-6.8835425,-0.9924852,disco
0.45030642,0.1699541,3168.1112406928287,3047.644241281729,6935.358062838623,0.1508622774767802,-40.72924,63.947403,4.90489,16.340809,12.100068,9.339082,4.540618,5.189633,-0.5894375,-0.06985205,2.9546146,-1.4821672,-1.7598726,-2.2666605,-6.12547,-4.724787,-4.742951,-5.7639956,-4.029355,-5.362603,disco
0.35838357,0.07870453,2292.41885340361,2208.3410022972375,4740.313002642463,0.11643089081849846,-193.22008,89.19422,-20.01387,38.74353,-2.7159593,17.057266,-7.9501595,16.08651,-16.764881,7.716306,-15.71264,9.034707,-11.31675,3.8953853,-8.224793,3.0170584,-6.879084,-0.7077235,-6.407636,-0.54687554,disco
0.48300156,0.17252432,3713.366946149792,3188.443143865485,7726.378279647591,0.1982474784732972,-20.481245,53.708107,5.945927,10.1530695,17.057163,9.541378,4.6119027,6.398941,-0.3333011,1.7238895,3.6845272,-0.77463186,-5.887973,2.3219109,0.36891204,2.7516134,-0.5318568,-1.2027638,0.24694541,-1.2757895,disco
0.48551396,0.09060021,2574.7458410439813,2396.769294967866,5459.508653764754,0.14616918416215172,-125.715775,88.52809,-16.738844,42.798134,-9.901166,29.185852,-19.34282,20.458702,-16.50553,15.012511,-8.765583,12.784118,-7.7588873,7.0524154,-8.516407,3.2717602,-6.4989448,5.7955203,-3.5007157,-0.049130704,disco
0.4161969,0.106793314,2956.6002017744845,2599.740187278478,6132.0212538397345,0.16269251584268576,-93.31913,77.83445,-8.7843275,42.07125,-11.249412,24.245377,-17.912214,22.240355,-16.039137,16.68747,-15.665246,15.410945,-18.128244,10.212017,-14.608055,1.8476785,-11.091008,1.1463712,-10.552758,5.1898546,disco
0.39503607,0.16525841,1867.9206448682273,1875.2458291916648,3804.7769930340555,0.09448204394833591,-95.80325,122.056595,-29.31912,50.3165,-11.940643,28.410152,-7.0477805,11.851945,-8.612013,11.568434,-18.395964,6.86209,-11.662833,2.6845427,-5.7926507,0.64572066,-7.2554836,1.7374228,-6.1546025,-3.748187,disco
0.4343006,0.08449773,2902.983480055396,2302.247545056725,5470.541920381434,0.184138720249613,-128.46767,67.26375,-36.918983,40.908375,-21.745594,23.162697,-13.252984,13.093862,-14.004485,17.799566,-15.179246,16.37246,-10.465581,12.8358555,-9.216798,4.389609,-5.4432764,7.246392,-2.6676228,6.573777,disco
0.3319702,0.068242274,2219.3232376250994,2306.993918968888,4882.52047606666,0.09617402162345201,-182.05026,103.41656,-18.22728,31.200912,-12.540436,18.842093,-12.869497,19.378906,-17.704334,18.50028,-14.324433,11.54508,-11.634119,5.5954604,-8.039428,0.27048862,-8.0900135,2.7273414,-3.2884347,3.507127,disco
0.40335345,0.1169598,2279.818496274842,2269.7688540934123,4828.345803653493,0.1102181543875774,-109.0528,106.848564,-18.27907,23.423592,-17.764582,19.019663,-13.615213,18.686106,-18.371767,18.402843,-9.714787,11.857383,-5.5605226,12.884756,-3.8281431,8.68438,-7.0812664,5.419294,-6.198667,2.3279169,disco
0.455502,0.11101833,2449.2969214438754,2311.913698234346,5185.360311502273,0.1346148322610294,-81.72717,97.61069,-27.583755,36.644188,-17.252998,30.76932,-15.948635,20.968245,-16.22693,17.418455,-13.363811,15.080846,-10.38692,10.253875,-8.392583,4.792266,-7.943187,2.3002284,-7.105159,1.7681185,disco
0.43755713,0.23285034,2877.646855543141,2624.146129891107,5866.05619542739,0.15032410990712075,-6.7841387,61.12633,-16.656654,27.431993,7.7223644,16.008894,4.6347065,11.449501,0.33629203,9.832177,3.185622,5.0255885,-1.8622084,1.4820431,0.94124126,-0.4382249,-0.73170006,4.4446716,-1.8448051,-0.6028676,disco
0.38214347,0.114560604,3328.830808812161,3111.8212935297233,7196.373151182759,0.16905150989260836,-83.5835,64.47946,5.655918,2.701165,0.79031587,6.1708026,1.892269,1.9798596,-1.816445,1.8574665,2.4598768,-0.22793388,2.9555104,-3.3824587,-0.87964576,0.044985577,-1.5710962,0.5579813,0.3023729,-2.7803593,disco
0.36500356,0.09135411,2541.995563795192,2289.3365138825743,5183.035325561145,0.14330827931501547,-103.760376,92.46227,-27.230408,39.22129,-23.052734,20.634798,-17.766901,18.950554,-15.204782,16.394331,-14.6620655,12.24946,-14.973013,8.244379,-11.897317,1.0192468,-8.905781,5.179014,-6.445103,1.7000206,disco
0.43621337,0.17372327,3087.483970853388,2812.6634814898784,6530.043847051567,0.156306688999613,-23.927666,61.220757,-0.9586992,25.331015,0.39423478,6.0302544,2.4890816,6.1891923,-0.3292669,9.696876,-5.5078354,1.0618184,-2.4369652,-0.56662,-1.5567183,-0.896729,-6.7337766,-3.7109935,-4.4605083,-0.7739851,disco
0.38921893,0.11158227,1931.1496588575947,2208.9637535058287,4515.622694647349,0.08364121758900929,-118.3657,114.237305,-6.7822986,37.40087,-17.431936,28.36287,-23.726536,9.283808,-10.439459,12.624764,-5.1486745,12.253147,-3.8705208,4.378,-9.250749,3.473722,-7.9521494,3.664417,-6.1568804,2.7070277,disco
0.4026628,0.15231217,3623.816329797985,3229.652358619963,7702.895088313903,0.1764282604489164,-51.8135,55.668423,11.396621,7.471486,12.000198,6.2591653,4.35697,4.310426,-5.9408927,0.565794,3.5993893,-2.3887086,-5.823012,-4.5261793,-7.0146923,-4.256948,-1.7328707,-2.1438155,-2.4903357,-1.540589,disco
0.44586718,0.14226125,2297.0855298395068,2566.0415489788993,4888.128775487374,0.09633501838235294,-111.17791,94.03522,12.515315,16.740261,8.181678,15.6672535,-1.3758588,7.0394297,0.97360957,-1.4805397,-3.0693026,-5.068189,-3.6841273,0.23450817,-2.0857089,-1.823721,-5.3407574,1.251745,-5.5917015,-3.6281643,disco
0.3763196,0.11299214,2259.667499272963,2272.8689550340846,4889.170435855263,0.11426008005998452,-125.694466,101.78628,-17.488693,33.67749,-15.244756,23.698763,-8.658019,18.546083,-14.059919,19.962957,-15.148182,12.975599,-14.307977,3.0331664,-7.0987086,1.6164043,-3.9054306,5.3860564,0.9615931,2.6921418,disco
0.44494396,0.14695053,2117.5507614054177,2143.899286453212,4198.949609526171,0.10366263847232972,-95.103714,109.35317,-30.16118,16.358658,20.039734,11.962816,3.4855306,6.1739693,5.200183,8.620757,0.34259644,0.38362712,0.53627163,-1.8029802,0.97747785,-0.06397859,-3.6734533,-2.1387339,-3.6518176,-4.407776,disco
0.4355066,0.09814837,2809.021561476355,2530.893093437794,6001.3803771405765,0.15595068208204335,-105.51604,79.25659,-15.207651,40.825546,-12.267789,23.55967,-19.938488,27.319254,-16.512426,21.538397,-11.6801195,13.991891,-10.775011,9.377954,-12.224891,2.075353,-12.230679,2.872422,-4.6847644,8.17402,disco
0.44215426,0.11894808,3016.630571985955,2623.3927917379524,5954.647326395608,0.17065354102167182,-68.970566,63.131042,-15.854861,28.002192,8.1834755,7.3211665,-4.936118,9.494794,-0.9736149,-1.6035987,-6.1901298,-3.9367533,-1.1710129,-6.543671,-6.177693,-5.045213,-4.4068336,-5.3750815,-1.6540107,-0.88945585,disco
0.34271052,0.124615744,2117.828754709546,2114.987397636512,4351.2236887456465,0.10330171850812693,-103.961624,105.80915,-14.325732,36.73847,-10.348668,16.81085,-6.8228097,8.140345,-4.4619594,0.98826367,-10.006156,0.38354298,-1.7078525,2.9656317,-0.89472985,-3.046681,-4.439489,-6.513695,-8.457305,-2.7770848,disco
0.4171756,0.11574833,3257.126964639291,2898.084209645412,6681.101266961348,0.17381451964009287,-66.56881,58.310627,-8.179028,15.493417,5.575189,7.6971626,4.071543,-3.583531,-1.3218851,1.6088259,-5.4825335,-3.73455,-3.2398586,-1.3290435,-3.4326332,-1.1864657,-4.382923,-3.656522,-2.0906227,-0.30984747,disco
0.35578653,0.1753704,1776.3958801199312,2452.7444237351056,3874.7765697561917,0.053842455979102165,-122.06817,116.81796,28.333023,24.729452,10.946231,-1.8944625,-1.4049608,-0.9484211,-3.5381525,-2.613937,-1.1199348,-4.180541,-2.552188,-3.766393,-0.25579143,3.237972,-5.7643414,0.7164779,0.27367625,-2.2794304,disco
0.4352631,0.1782089,3167.808308145324,2934.994369827443,6730.517634813999,0.15100324412248453,-32.173412,60.033607,3.3775675,18.969069,4.326335,0.68113494,-2.0263913,1.3316944,-4.64699,3.7893417,-6.734154,-4.892331,-2.3437293,-1.6774993,-3.4933832,-2.6775057,1.0068874,4.01204,4.702274,5.8544073,disco
0.48534432,0.115593135,2909.983968555962,2990.754025172008,6351.153262111794,0.10124882086880804,-155.63733,60.568504,23.166864,31.186352,25.054384,16.906994,9.43836,8.449133,5.317451,6.556658,5.762755,3.9231863,7.559716,2.156522,4.4279866,4.3452907,-0.023135673,0.89370644,-0.49496502,-4.784369,disco
0.4028028,0.17761214,2649.217859026324,2383.9281662533035,5545.783132074787,0.15116461880804954,-40.762928,86.78239,-26.962374,34.941532,-20.048147,21.657639,-23.953709,19.265038,-17.531559,18.037151,-16.020782,12.446076,-13.877286,6.0132713,-14.21426,-0.81543386,-14.490395,-1.2298425,-7.699561,4.3276033,disco
0.42988372,0.10027614,2129.3458917106645,2109.2513464164167,4424.306580156734,0.1118704497629644,-114.93206,113.46387,-29.804312,42.612103,-10.32601,26.973412,-14.493735,21.24053,-17.65054,17.097872,-13.478901,8.591482,-11.427423,6.2058744,-10.899924,3.6583576,-10.31746,0.5621729,-4.165684,3.4745603,disco
0.3233638,0.18443452,2550.135383866737,2486.0206503089084,5585.291226508079,0.11589045568885449,-91.88631,87.60406,-2.0581741,34.285538,-18.15337,19.344702,-14.697326,17.116173,-15.334747,17.040913,-13.55869,11.848033,-9.81162,9.113958,-11.469915,-1.0519097,-11.64962,0.29344034,-1.279736,0.098981164,disco
0.4290362,0.110856615,2690.932759278845,2480.506001082097,5776.39007095951,0.12995726405282507,-91.75992,86.314995,-17.351944,43.106068,-18.40748,34.058987,-18.420603,26.836887,-13.56513,20.214409,-14.637163,12.668141,-12.608889,6.200998,-10.449866,7.365131,-8.057861,7.1151733,-2.4590642,-0.11617096,disco
0.3707291,0.1067002,2457.998545443571,2400.7893666639106,5268.943139421682,0.11753292497097523,-123.78829,89.824844,-1.8406453,51.169796,-16.261305,28.283545,-12.495137,19.032148,-13.280038,18.50002,-13.776395,12.866395,-8.7555,8.260726,-8.236545,5.519252,-8.406669,4.479526,0.30875972,1.8299164,disco
0.4630337,0.121490456,2108.1997863703073,2072.6349671204425,4398.706734955495,0.11041618795955882,-103.09195,107.497505,-33.52649,52.796356,-9.143338,30.365688,-9.33743,23.046274,-11.90022,18.1709,-7.55408,9.401473,-5.444426,6.653225,-5.6133265,4.1491895,-5.4715075,0.8388841,-0.05420484,3.7572107,disco
0.37004274,0.1386678,3043.380831699277,3001.1129616910393,6839.091978279799,0.14359928284636223,-73.150406,71.752396,12.0955715,1.3943439,4.5294266,10.863227,3.8709233,0.938661,-5.979772,9.034469,-2.3677688,3.5552127,-0.14263982,3.1092381,-0.07392054,0.3649058,1.084568,1.520907,2.3046873,1.9287058,disco
0.38407364,0.1475287,3075.059149844922,3031.881214983589,6848.758586493808,0.13853393176760836,-59.006565,68.87012,-8.457222,3.5900607,5.0725226,3.284628,13.525487,-1.3692733,1.6712126,3.712645,-3.715991,-0.3171887,-2.8357637,-8.801013,-4.4926963,-6.412873,0.45433882,-2.2726715,2.9792905,-0.018868508,disco
0.4172434,0.12223055,2217.9682141739054,2245.210277412835,4743.712982083252,0.1109932819756192,-109.5915,104.1451,-16.21741,45.376465,-10.195765,25.558594,-17.158018,22.278688,-16.850662,16.535793,-12.0967045,8.670635,-8.847188,5.2464523,-9.296137,3.4515886,-7.89584,1.526669,-4.0456686,-0.108315766,disco
0.36853778,0.111132905,2447.5053952029866,2449.620395814775,4959.620009856328,0.12327627648510062,-123.20344,86.96168,-22.495188,6.9312387,8.458766,12.637702,-0.85900456,-0.832371,-3.2620914,2.6230345,-0.7835581,-0.4259603,-3.8292584,-5.6531873,-1.843553,0.12274652,-1.0618995,4.500085,-0.97467136,-5.260678,disco
0.42088637,0.14515093,2605.158778871083,2533.400411803869,5352.617633453464,0.12638850256385448,-78.35119,80.074615,-9.1673765,25.477055,-3.3905442,16.8094,7.2707067,1.818662,0.4955741,6.3203187,1.4938978,2.1636302,0.65810496,-3.382022,-0.91108084,2.9360857,-0.6341333,5.876524,1.8965187,-0.6130138,disco
0.44927672,0.20725702,2722.0804866206827,2569.2334475067137,5469.600259408862,0.14455203596652477,-24.691769,73.7432,-11.558472,28.394293,6.2409563,2.465622,8.6340885,12.309109,-4.102859,13.385868,1.9154305,-0.97336847,0.6083648,2.3642092,-3.7914464,-0.933468,-0.88562834,-3.4995823,-0.97060347,0.11684968,disco
0.40740296,0.13541684,2248.158016320912,2368.7379081969507,4609.87212473394,0.10974196679082818,-81.29733,106.4762,-9.534993,17.970007,3.0110774,8.301614,3.8938751,4.2491026,-3.7393968,-2.078543,-2.2060986,-4.5875278,-1.1600444,-1.8838694,-0.22667758,-1.0367161,-3.2868867,-1.8739799,-0.70982325,-0.55249864,disco
0.41654116,0.09199635,2481.887352406179,2178.616422901751,4956.828360070385,0.13440697259578174,-133.86682,93.47174,-24.215986,61.44255,-22.856274,30.976551,-14.959397,20.244457,-9.292843,15.786768,-8.740783,11.968789,-5.3208137,4.99287,-0.67285925,3.7227197,2.097981,5.4435353,3.0960007,2.4591084,disco
0.39189994,0.15696204,2450.4078120136996,2388.143725140329,5024.452951153735,0.12449924717008513,-57.800613,86.53879,-11.776968,38.7768,2.375864,8.829937,-1.2931184,9.917737,-1.6644962,9.836173,3.0134122,7.5246863,1.7179295,5.6626306,-0.7007107,3.4496064,0.13334651,-0.95583797,-2.637059,1.653112,disco
0.39795375,0.1190426,2238.799259178444,2023.5212361031784,4384.973484665247,0.13146859278250775,-97.88562,101.0036,-40.547607,51.05019,-11.709619,25.064743,-14.048205,17.197393,-9.623666,16.973528,-7.173521,11.723431,-5.7162275,6.249411,-6.0607896,4.687673,-6.2524037,-0.98431736,-2.7441096,0.6273663,disco
0.3701592,0.07617443,1937.935756160484,2099.948883012934,4164.391485161087,0.09247298580205109,-143.20898,122.59269,-23.920422,28.14886,-23.689156,23.08134,-17.911198,18.753313,-18.636002,18.356426,-13.91446,9.730259,-12.243753,4.9380493,-8.39243,5.4806075,-7.8706884,3.937847,-5.71553,-0.63423485,disco
0.42132524,0.1707804,3391.8321168993366,3108.9716838169015,7204.406435939919,0.15957688842395512,-40.070435,56.20911,23.679754,31.925451,2.4516678,2.5737197,-2.4787798,3.092059,1.8828639,3.3509662,0.0001427618,-1.5209646,-2.4554949,-5.0738215,-3.6762688,-7.849821,-3.0386093,-2.7839167,-7.496366,-3.6325724,disco
0.4948271,0.19658779,3048.5690425083776,2722.6250368277992,6212.837431822029,0.14965177837171054,-44.234303,52.219414,3.3025827,43.808002,12.616858,24.422098,4.9708843,15.334081,2.0627646,10.375376,-1.5161041,8.840581,0.42485902,4.6974363,-1.7848299,2.95374,-2.0194726,-3.3882825,-4.1944323,-0.42168614,disco
0.43156642,0.15960243,3099.1841465490747,2728.3135813025015,6098.354790749565,0.1402841101489938,-53.44801,56.161034,-6.3209877,31.619059,4.6533747,16.347414,4.119817,1.8823284,-0.38823867,2.4959323,-0.5415109,0.9562787,0.49564818,-0.16682093,-1.8157804,-2.5324876,0.8160483,-0.34222043,0.5600921,2.7850676,disco
0.41644782,0.12529388,2591.5017766838123,2163.1024960936247,5062.136056622485,0.16987803550696595,-70.51619,90.47601,-48.086514,36.67485,-17.666037,21.603977,-30.18695,24.03991,-20.447668,14.482978,-18.503065,9.126517,-12.047067,6.2659683,-11.558922,4.908774,-7.8774056,-0.64481246,-4.355743,0.1977035,disco
0.4676926,0.1725675,3079.4689128269815,2709.9666043643942,6405.727932106231,0.15430745694659442,-108.510765,69.93313,14.870287,45.539623,-5.384937,41.803654,-13.518741,32.559277,-20.397465,23.435902,-12.123884,17.999405,-9.038808,6.9927607,-4.731377,2.356043,0.19970405,2.345898,-0.78666,-0.5949072,disco
0.4046987,0.11607086,2564.6775896822555,2670.2675671248467,5388.992413500145,0.12076004075561146,-98.15685,92.40119,2.6636736,19.337896,3.586051,-1.7657077,-1.7049835,-3.1714427,-9.09204,-4.080457,-5.185577,-5.48785,-4.2335167,-3.7713585,-1.7159791,-5.5846486,-4.687199,-2.7077785,-1.842392,-3.0930302,disco
0.35809016,0.10787619,2410.0020281305497,2575.8047598645294,5080.294280155525,0.0996603950996517,-124.198685,90.16968,-11.312609,10.940362,-1.1521437,-3.7543976,-0.85304725,-3.840254,-3.7089515,-0.26702484,-5.823246,-3.430601,-4.6257415,-4.559666,-5.4870396,-5.199043,-4.6086793,-1.8111321,-1.3179177,-1.9561292,disco
0.358252,0.0762048,1755.2903582545093,2043.0111365643288,3816.2602569296632,0.07696816648123066,-182.7882,124.185104,-10.062485,41.59245,-7.3899937,26.952116,-12.3628435,19.820307,-16.069172,16.206387,-10.253923,3.1237118,-8.989256,2.1562552,-6.1063056,3.9118845,-3.7005363,4.9401946,-1.2491518,2.531378,disco
0.42267156,0.1809062,2577.013955506876,2387.3710450599965,5419.383896393672,0.13824595164957432,-63.65034,94.46596,-13.425884,32.77123,-13.714617,26.78027,-19.39561,24.65254,-11.667617,13.72757,-9.442894,8.833794,-4.9801445,9.21489,-3.470475,1.4862674,-8.88565,0.25321403,-5.452749,-1.1330751,disco
0.37071827,0.11312769,3354.360372505759,2987.367057986614,7044.907400408765,0.16828847595781735,-77.39575,52.15558,-8.997961,12.852358,8.566091,2.8920133,8.930744,4.0137534,-7.3446417,-2.260518,0.9621686,-1.0486536,-3.7624762,-3.5320666,-2.4292212,-4.880999,-1.8485128,-4.170674,-1.6632475,3.508745,disco
0.42879608,0.1758003,2739.0755703377026,2613.798191795889,5710.898800309597,0.13174939229392416,-57.669273,68.380356,-15.251754,23.414116,14.855438,13.172664,2.1979191,12.811309,0.06121467,12.777958,0.03940573,3.3698215,0.8151105,1.0514908,0.54541045,2.9783316,2.9126883,4.022737,0.52523917,1.9603633,disco
0.45084128,0.16957618,2492.8521058348206,2277.901838551696,5114.627405881143,0.13862576794698142,-57.606716,96.691895,-24.422018,40.01419,-17.26025,27.834213,-13.2974205,23.196402,-16.528563,19.427145,-15.485601,11.825689,-10.574846,8.359429,-9.3707905,6.546207,-3.6950614,0.34709078,-4.4089565,1.5547013,disco
0.5035033,0.06203172,2455.1239938572585,2100.1276135309945,4726.279754166264,0.1514639367260062,-197.17926,83.36068,-38.55783,43.7167,-7.2955384,25.659225,-8.642002,13.397131,-12.153697,12.154943,-12.050202,10.627792,-2.4053419,12.0132885,1.3748276,6.7643414,-3.3767767,-1.6519375,0.06695337,1.4112638,disco
0.40136927,0.052156653,2566.1260441601803,2533.6870788134956,5521.508278861504,0.11465010037732198,-226.35432,78.271614,7.84522,53.856804,-1.1519343,11.3028345,-7.848479,24.36511,-14.952828,18.494564,-19.137503,6.156276,-10.068167,5.28783,-11.683895,3.338004,-11.275221,1.3868333,-10.699085,-4.3292007,disco
0.35765976,0.12288418,3653.396938317012,3234.1734231198407,7835.32762084583,0.18083450742550308,-65.79326,52.831802,16.578833,12.546981,5.604338,8.383382,-0.61047417,-0.623784,-4.082043,0.68685913,-7.7874584,-1.8914623,-7.2499976,-5.2732997,-3.0442164,-4.339184,-2.5437582,0.720826,-0.30960432,2.9366221,disco
0.37366742,0.18885729,3132.849239309041,3007.9676708192465,6864.0001609967585,0.13097653226586686,-41.32795,62.794346,7.3253284,12.125495,6.3566375,9.265048,3.0930908,13.867353,0.16360398,8.0671015,-2.6970012,-7.219517,-3.2453783,-1.9231244,0.5200374,-3.1877127,-5.5470157,-9.166518,-10.670773,-5.9729238,disco
0.36704448,0.1489569,2330.4341487066677,2437.648116063216,4645.41357648631,0.1095964650251548,-71.24206,97.721466,-18.355276,8.578153,5.2020397,-0.93892175,0.46801558,1.6290964,-4.7780914,0.06490763,-0.5487089,-4.452,-5.314456,-4.7849913,-4.6043253,-5.987757,-2.9043708,-3.4409502,-2.5677822,-3.0350146,disco
0.4213732,0.20951693,2397.052524918614,2208.5337721945857,4920.695245229053,0.13532117719620743,-45.132,98.671646,-24.668423,40.512596,-18.104605,26.115301,-12.6948395,13.988502,-15.421141,16.179258,-14.377715,8.140355,-11.939817,5.377605,-7.6865644,3.6840563,-6.8078637,1.4850625,-5.8072286,-2.5007105,disco
0.45458192,0.16388439,3637.551798162976,3198.8678390173886,7771.0863426373835,0.19009560032894737,-26.568247,52.047874,4.177975,12.859308,16.74014,10.133737,4.4751606,6.326911,1.1580268,0.64618856,4.6121635,2.1431963,-3.3678749,1.62928,-1.880104,-1.0871792,-0.67252105,2.382105,4.1659985,2.8615506,disco
0.44640383,0.09553592,2846.8226092079603,2460.2125329956,5925.3808366994,0.17636703632933437,-95.25164,82.25367,-26.221525,37.522614,-16.3551,25.29429,-21.796482,21.811947,-20.064442,16.297644,-16.119652,14.439221,-11.9070425,7.168987,-11.668229,5.0781097,-10.222132,4.793479,-6.018383,-0.24143437,disco
0.40967417,0.112305515,2616.176846102278,2155.834650042469,4983.836530089009,0.15437434996613777,-105.02068,80.22214,-41.11158,54.02576,-8.379422,25.721205,-12.471842,28.713755,-15.008991,15.610892,-7.6170626,12.414465,-7.368524,5.769286,-9.625082,3.9907067,-7.352029,3.437116,-3.5141046,-2.9073322,disco
0.4353606,0.13689657,3707.487312505618,3249.3744818532323,7806.927792575706,0.17289993711300308,-71.9424,46.88916,21.026215,29.95096,9.497893,2.4052787,8.244613,2.5142548,-2.1629694,0.43971252,-0.23318736,-1.5565152,-3.6136653,-3.8174977,-5.2896686,-2.9235542,-2.9003372,-1.7993289,-0.71562344,-0.98826045,disco
0.44086853,0.12268789,2417.457577864453,2431.704296381701,5384.717439350329,0.11262743687113003,-91.59773,99.463974,-8.991618,40.185043,-18.037634,22.567213,-21.956272,15.782541,-25.665386,17.664223,-13.675539,15.635083,-15.469163,4.521297,-10.157354,0.46065482,-10.15142,4.7969003,-6.8835425,-0.9924852,disco
0.43479118,0.17306745,3348.2009991791724,3013.270649779574,7057.757322707043,0.16205155222039475,-23.55834,57.343533,7.0119877,16.525126,5.5003595,11.859778,1.6749339,5.4618583,2.7552295,7.3391514,1.9634923,1.2612277,-2.3459415,-2.3197463,0.10894824,-0.1454609,2.2749884,1.5804361,-1.84563,-2.4429183,disco
0.43456846,0.20560874,2522.8702609517236,2564.5703679361486,5342.909358824739,0.11443506010545666,-36.030983,83.65931,-2.7294116,32.392513,9.196342,4.1342163,0.033839177,11.114395,-2.8908205,7.905869,0.61443704,3.6502342,3.7515383,4.070798,-3.3186333,0.09888033,-3.843196,-0.5068444,-3.4149015,-0.77121043,disco
0.41647133,0.17351265,2036.7728048043857,2079.237240380343,4203.124584280669,0.09159921935468267,-116.98034,98.51446,-19.014011,44.84704,3.803203,28.483187,-1.1026863,14.693483,-7.7538223,9.756313,-10.111344,6.3672547,-3.9202318,7.902921,-3.212644,0.13057971,-7.841634,-1.7346327,-2.430978,-0.7216538,disco
0.4083024,0.15334107,2461.1864561929897,2302.6189119910514,5019.294649011948,0.13708722849748453,-86.0438,87.53873,-20.172316,54.019077,-1.0642155,19.562546,-4.089779,21.03777,-19.567509,12.389663,-22.010809,9.599065,-15.931526,3.972332,-13.932702,2.3837166,-7.737426,3.451278,-4.1580405,5.9184194,disco
0.38454,0.119228035,2139.4226685316107,2190.2745079974275,4526.789293791118,0.10026696739551083,-100.293015,110.01217,-26.644556,36.82376,-10.413421,28.777048,-14.843354,21.28987,-19.675669,18.522434,-16.387474,9.157715,-13.791584,3.9903705,-10.459232,2.8376305,-4.316737,3.170007,-3.746579,3.557265,disco
0.42251512,0.30033332,2566.5587161240874,2942.3925463630508,5931.505799662587,0.08562004160216719,-78.25046,70.18874,45.908955,42.07599,15.097315,10.689846,-0.6920255,-0.6105204,0.37156433,-0.35092282,1.102735,-0.67174697,-0.8145329,-0.8111803,-4.2412972,-6.0840507,-2.9617293,-3.7095823,-4.6067276,-4.981908,hiphop
0.44940633,0.24710079,3236.2092131808367,3272.1557177055006,7338.638957587558,0.10935685952012383,-76.64229,52.776505,34.640076,26.187645,16.66033,11.346408,5.853892,6.9042387,3.664476,-0.9604273,3.8758972,4.487945,0.6365994,5.4337535,4.194069,0.8124227,1.6306314,0.6943534,-2.8060632,-3.410948,hiphop
0.4798458,0.21307458,3084.823804546642,2970.61795564429,6779.025674825852,0.13644361938854488,-25.108788,60.825592,-4.1871734,14.848391,6.795023,6.098334,15.451298,3.7847345,5.659809,10.247507,0.86333096,4.1838894,0.9262048,3.252739,0.21559046,2.6983185,0.7047307,0.89628994,0.36175925,-0.0064073214,hiphop
0.5392278,0.19396807,3724.7745542619245,3204.9677357968894,7641.487126306115,0.1727574587606424,-23.794031,43.716946,30.550694,26.501972,4.336693,21.913754,2.5762875,6.990405,-1.4965212,4.582283,0.41704255,2.464586,-4.074756,-2.0174925,-3.5647283,-0.1283262,-2.4766896,-1.0378424,-4.7686734,-2.615419,hiphop
0.48965025,0.18516475,2437.1444906156676,2117.4846851938332,4775.921120658379,0.13386653746613777,-51.27445,91.09927,-33.769688,69.9306,-12.95017,23.187634,-13.769307,23.784002,-14.735113,10.699328,-13.481394,6.073525,-14.720096,1.6862451,-7.2450566,3.9597938,-2.6534827,7.552636,-0.1297548,-0.7301484,hiphop
0.47778267,0.12256441,2330.839628497738,2664.2056814269613,5837.598034176664,0.07263901654411764,-144.99234,84.061775,10.848204,43.601334,6.2819014,36.12911,-14.662279,26.805468,-10.336029,24.696184,-8.72415,18.79265,-4.3968787,9.877954,-8.13577,8.817563,-7.8857164,2.8736494,-4.3461514,-1.1175046,hiphop
0.40800595,0.23596337,2429.9366980056257,2575.1768021201756,5273.709777265141,0.07981168670181889,-82.424774,69.957466,10.693318,48.80408,4.6395693,13.286027,-1.7903584,5.122208,-1.0849242,-2.7959135,-2.5498505,0.21808504,-3.126952,2.3010356,-2.7060978,-0.7829092,1.7319455,-5.1392145,-5.694949,-3.7939517,hiphop
0.4600093,0.118590504,2694.9757203214963,2389.2350164364775,5600.091137015044,0.14991216984326625,-89.86679,79.76334,-25.737305,47.726387,-10.01915,31.556944,-22.19752,26.661226,-10.976784,18.823181,-15.565013,14.414716,-10.038894,8.900902,-8.932948,7.2392864,-5.0137725,3.1289532,-4.738142,-1.5847815,hiphop
0.50688887,0.10891584,3079.1103340087907,3220.8563159505225,7003.240985693208,0.10707796173568111,-144.97781,66.67153,44.28006,22.528505,6.5213604,8.85033,11.895541,5.8371816,3.0436742,6.451863,3.56229,2.5228522,3.8309376,3.7200966,6.8215165,5.0689015,0.4771593,1.0826527,1.9560732,-0.07564611,hiphop
0.47983924,0.07905022,2083.393807295725,2197.959109508927,4478.756250907024,0.0798679977747678,-198.97505,92.61563,-19.535986,39.540478,-0.64480627,33.59143,-6.465562,27.51714,-2.4129953,14.994361,-2.9805126,14.907299,-3.387165,9.281901,0.8351747,8.284869,-0.5857234,-1.6136769,1.25873,3.052635,hiphop
0.4811548,0.19142626,2144.794528258055,2358.912870448304,4956.12003102022,0.08034305159152477,-76.82371,98.38955,-5.026061,49.331684,-10.2882185,33.286823,-9.96177,17.61652,-12.23127,18.665478,-10.97679,11.510851,-10.490248,6.2619185,-6.977471,2.4990711,-4.895574,5.4685626,-1.8260891,0.6364123,hiphop
0.49217638,0.2280169,2306.786333638483,2601.5436234092385,5000.353096882256,0.09149226610874613,-75.66786,91.02241,9.864941,25.094082,11.801716,10.166983,0.124581024,8.227129,1.6348945,0.49703988,1.8070879,5.4929857,1.2929039,1.1345568,-1.1895081,0.37554052,-1.2076176,-2.0606058,-1.2071042,-2.6347067,hiphop
0.42499024,0.23721823,2328.3253525938053,2627.229475693976,4934.945159061775,0.09669745005321208,-111.22915,89.94116,4.453146,14.530579,9.934057,-9.441969,2.9049585,-0.13894077,-3.0650675,3.2723684,-1.4969656,1.5704437,2.3964047,-1.1631627,0.87109846,0.67440474,-5.169126,2.729932,2.3492885,-0.2558081,hiphop
0.4236211,0.14017272,2395.496191736084,2345.871974558943,5281.90139439822,0.11596868650832043,-81.91787,94.77232,-16.236649,40.530567,-12.247199,28.186157,-20.102428,18.101372,-14.641278,14.184542,-7.25433,13.6582365,-8.487999,7.8997188,-4.832513,5.101997,-5.884973,2.0725229,-5.665477,-1.3740299,hiphop
0.4719179,0.19092278,2449.072471257414,2508.117491409197,4930.6618516290155,0.10955073589880031,-144.1154,73.38274,4.689502,24.034184,12.896577,14.024166,8.642745,6.9087353,-1.2130753,-0.8405232,1.1626184,2.5793064,-1.112953,3.141817,-4.232443,-0.45609266,1.6542617,1.2135503,-0.4755748,-2.0354865,hiphop
0.5003266,0.21436137,2982.0828218625525,2730.392872962765,6160.654414032266,0.15224662284732973,-31.93763,59.893486,-2.7075217,33.5149,13.086964,9.461902,-1.6719098,14.184528,3.1383483,6.803654,1.1695602,3.8993726,1.6967896,1.254311,-1.4599717,-0.16600093,-1.5947375,1.8287376,1.5520316,-2.302336,hiphop
0.40975982,0.18986075,2245.1543617872862,2484.137881682173,4816.095877727119,0.0793853854247291,-111.847885,89.101234,13.179904,36.344616,-3.2759247,3.8778236,0.5638424,6.337728,-2.17961,2.979102,-1.636557,-0.3662912,-3.4718988,0.7764608,-0.23096853,-3.1901186,-3.7024405,-4.0010753,-3.0203526,-2.4579573,hiphop
0.4738047,0.11850105,2581.727525217468,2526.2174649347,5731.648674837945,0.11598796076818886,-111.189964,80.63883,-0.87595797,50.6178,-13.474103,35.3258,-14.840684,21.193804,-13.577965,19.628597,-11.768654,16.968805,-9.362855,8.700682,-9.892548,5.813979,-9.137594,0.87770975,-5.991047,-0.30923706,hiphop
0.40356886,0.14134684,3377.342805929625,2996.5226327289342,6892.483322096314,0.15500095237519348,-64.00121,50.804565,6.6021595,27.830774,6.6337037,0.29855347,2.821957,3.2134213,0.16524182,0.6103197,0.0955655,-5.067103,2.6628103,-1.637957,3.101954,5.152146,-0.835596,4.847153,0.24540167,-4.8498383,hiphop
0.49168044,0.16661067,2355.621296823601,2496.919774597185,5176.777030070869,0.07013033934791021,-101.081245,72.408714,-2.3747911,46.05117,5.545094,24.215153,3.540355,14.531002,5.654686,13.53511,4.972193,9.905891,2.9368956,-2.9988053,-1.2425075,2.3058748,-2.819226,1.7559552,0.85589564,-4.3526983,hiphop
0.44792578,0.11063568,2368.0288949553296,2303.345664523038,5017.786324799245,0.11085004776993033,-122.01623,89.59382,-25.749514,40.978493,-4.2805367,27.57391,-15.565974,22.4104,-10.840676,19.818462,-8.638995,19.100218,-8.472635,9.432504,-3.4016778,0.9833329,-5.6490164,2.014029,-4.319845,1.8859321,hiphop
0.52058536,0.08638297,1469.3760072038708,1954.5243317193638,3277.0468508126937,0.05177973224651703,-216.06976,122.55899,0.93732065,39.356613,9.288223,26.045794,-4.027802,18.25638,-6.5114074,13.911771,-3.0722857,8.876829,-4.358551,4.6917276,-0.10699855,0.9101853,-1.9222287,-1.7801161,1.1610228,-4.0251603,hiphop
0.4396849,0.18021107,1717.834483382323,2052.410769263657,3686.911039086687,0.05390783729198916,-153.50096,92.7777,-15.882089,57.95243,8.575669,18.462399,13.276263,11.162719,7.6137333,12.974227,5.6612053,7.017446,2.8843377,1.6163465,0.012030917,3.0243316,-0.23418806,-1.3870301,-2.3182178,-1.3271762,hiphop
0.49019533,0.1759158,2677.5983922065384,2262.418722593127,5266.376488275203,0.10805943728231424,-122.2709,50.584606,-27.789646,66.590706,-6.604406,32.067585,-8.222272,22.451204,-6.941655,21.064743,-6.1830845,13.653635,-3.0919604,8.706373,-2.9218116,3.6755147,0.2734099,12.869027,14.640285,15.362202,hiphop
0.43090683,0.2787715,2501.25903379901,3049.6607535011344,6028.555212818063,0.06926450936048761,-81.68596,82.335976,53.54203,25.494244,15.711486,19.212011,8.4409275,6.372037,0.20460087,0.15445596,1.1984617,1.5259027,-0.725247,1.3517003,-0.38283345,-3.129231,-0.4921671,-0.739475,-3.7766733,-2.5051765,hiphop
0.4494017,0.20048167,2372.727829534901,2359.4560808520264,5060.511066448577,0.09989130829140867,-140.2109,71.62181,-3.7753882,39.005466,4.194395,31.507359,-3.965308,19.763544,-3.7660906,16.000134,-3.17091,11.85097,-1.2552042,5.775349,1.2760407,1.6593857,-0.83886296,1.6146656,-4.074909,1.141537,hiphop
0.5133563,0.065886386,2044.4018831699113,1933.7322920186132,4075.008692313274,0.10514864611551858,-214.31303,100.31756,-33.45657,47.25948,-8.953327,12.991591,-17.322504,11.068474,-11.724058,8.812741,-7.8322988,6.2648177,-0.104958594,4.896774,1.1980621,3.7862825,1.4717634,3.484802,0.6526588,4.151069,hiphop
0.439655,0.1735269,2025.7166368995133,2272.773800297793,4603.805494751355,0.0753997708252709,-100.66328,110.21073,1.0357718,38.765923,-14.493542,20.652626,-18.038021,12.568845,-14.1262045,15.102986,-9.241575,11.399988,-9.509009,8.644917,-7.10383,2.993886,-4.5059247,4.6915793,-4.1234813,-2.7863116,hiphop
0.46092817,0.23842552,2986.424482322364,2899.9735732795793,6403.169614242695,0.13766243288022445,-25.853552,70.94636,9.54849,17.479752,-1.6311876,-0.54743606,0.2606902,-4.6436267,-0.5859255,-3.0860732,-2.4065418,0.3865391,-2.158143,-0.34495544,-2.3784096,1.9354966,1.3124206,-1.2795856,-2.0184262,-0.19688794,hiphop
0.42773268,0.13497086,2637.4232219262044,2630.9986673861804,5629.507625804228,0.1028002098248839,-109.07124,76.91492,2.5923345,19.059637,0.55028236,8.174563,-8.068408,5.952352,-4.330568,3.6560762,-1.5556679,2.6334877,2.2520404,2.8522263,-5.210044,5.3580384,-6.1856155,2.238531,-2.4708722,-5.9738317,hiphop
0.5337824,0.11357303,2628.9767336632103,2350.956242233718,5411.725609368953,0.1385550956607972,-105.56951,76.67492,-24.774305,55.199,-8.257657,28.899265,-15.7475815,26.304575,-8.491439,20.454643,-8.151382,13.922347,-6.5663123,9.86924,-4.8636723,5.8765287,-1.9471779,3.9654107,-3.6028051,-2.2880118,hiphop
0.39005402,0.18296981,2706.6714628489012,2941.23259807602,5996.322074394108,0.1125715037248452,-121.61008,76.91942,29.013481,9.935919,3.1737647,5.1753225,4.968313,-1.0265125,1.1707608,2.1393538,3.1176484,1.1366776,-0.7820611,-4.9822226,-0.12525718,-4.5053763,-2.1900976,-1.373092,-3.1559753,-7.364276,hiphop
0.41634825,0.23021632,2344.385703637443,2682.0326323793884,5394.20071533959,0.07745040090460527,-87.68079,79.37558,25.071247,45.16531,11.199144,18.170176,3.520858,6.9955754,1.2674154,2.360788,-1.7764663,-0.012601729,-2.7059746,-0.48828393,-5.2594147,-3.8652692,-2.5075834,-4.682102,-4.9848833,-4.423426,hiphop
0.42736962,0.1716394,2284.5537023938355,2116.597718550075,4663.513467038748,0.12547203040344426,-67.45474,94.84138,-38.85323,37.64175,-12.254447,36.9015,-12.652126,18.297037,-8.85241,17.983482,-7.2768803,9.716908,-8.743619,4.5059533,-7.58996,0.22546326,-4.874093,4.848042,-2.0033994,-0.75252837,hiphop
0.4469767,0.124151625,3258.7937668169607,3321.233022757826,7619.562258882788,0.12631934198432662,-104.716,64.0346,28.791672,10.546081,15.168904,13.066784,8.023293,5.2342043,6.73682,5.1248503,4.4460244,4.464318,3.354734,2.422061,0.18586989,-1.5202584,-2.5679932,-1.1960529,-2.1893506,-1.8801897,hiphop
0.38105837,0.19052872,2240.303180287592,2193.802836592977,4728.03807686726,0.10668265044504643,-44.67913,101.199326,-26.271496,52.930775,-11.720013,26.934399,-13.286411,20.705006,-17.487638,11.862387,-10.670159,8.376946,-15.428058,4.8771524,-10.053336,4.562818,-1.9874151,7.982762,1.2147546,1.3717048,hiphop
0.44521865,0.13564475,1834.8226201664872,2225.1515450948054,3847.810066152283,0.06156538735971362,-155.63774,113.65833,-4.024228,18.278229,13.48391,8.251857,8.810652,11.110944,8.910264,10.224348,6.1002116,9.738549,9.320228,2.259448,2.84744,7.5475545,-2.662322,0.9173482,0.4431046,0.7698159,hiphop
0.4309518,0.15373959,1963.1932861624277,1917.2885221655058,3798.86869542739,0.1015708143866099,-138.74835,100.20923,-31.457195,32.444756,-2.7770355,13.111023,-14.509458,13.948756,-15.169027,8.204796,-4.9205856,3.5231574,-7.980302,0.79932046,-2.9753172,-0.72976506,-7.7199607,-1.2179407,-6.522993,-5.395184,hiphop
0.48957697,0.27176604,3299.440188118393,3139.542709498119,7082.1738417303595,0.1209660107875387,-59.209255,36.208042,39.834282,49.976196,10.150851,16.890434,9.769881,4.4460444,2.4115603,1.7071006,2.3673708,3.909562,3.2013638,2.6227627,3.218716,1.475742,-0.6944126,-3.1585228,-2.104499,-2.3737838,hiphop
0.3475849,0.13060717,2431.6745536158296,2783.1825288783557,5276.543093465799,0.10152508526025542,-185.25148,96.74281,44.600403,13.892824,6.01466,-2.9065557,3.261851,-9.664787,-3.6485925,5.251208,-0.9549691,7.687712,6.0880246,-0.11232193,0.5732217,0.50927204,-5.869581,-5.4587727,-3.0603397,-4.78197,hiphop
0.50361925,0.10228207,2290.107317796501,2181.5890272480765,4819.512523733794,0.11322947404702012,-122.780525,95.06129,-29.36325,46.780045,-15.998561,27.117586,-13.113777,20.258003,-5.3894644,15.459252,-6.909565,15.645838,-6.7070956,8.281756,-0.7531092,9.420003,1.2628142,1.6747181,0.48605195,1.6133193,hiphop
0.44052202,0.16638106,3131.3432607004365,2854.60084444079,6395.536327066805,0.11568637529024768,-72.5143,57.03795,5.94839,25.904427,6.6623898,11.494862,5.1092014,10.105277,0.95039654,8.6856165,-1.6870508,5.997685,0.14304194,4.966505,-2.012679,6.0976024,0.09555129,4.156669,0.25136536,5.891547,hiphop
0.48406333,0.28883296,3084.4973664314452,3055.5704751391245,6682.326259553986,0.10872005309113777,-44.555233,41.6235,29.912632,51.863693,12.875632,13.724891,7.962605,9.290234,8.388368,1.899423,1.1413116,4.564992,5.524623,1.3144537,2.3494503,-0.7992001,-4.252003,-3.5728974,-3.835539,-4.4421425,hiphop
0.4454694,0.18616363,2671.0740466843918,2494.7368600221876,5320.276162351248,0.12218709183920279,-98.840996,71.10853,-10.045743,31.723394,5.1446595,1.8752184,-8.89328,-4.2644506,-5.962237,-4.2694745,-0.6587038,-1.8606144,-0.5169801,2.5744352,-1.0586432,2.2042825,-3.9438968,1.2048682,0.28331438,0.06957231,hiphop
0.46066427,0.12524042,2667.6644949271727,2351.0688564768757,5474.700228570046,0.14734075682082043,-80.92658,84.79292,-31.540653,33.89926,-19.848768,23.558197,-22.125015,20.02115,-16.759602,19.211897,-13.106137,11.505603,-10.726899,10.569202,-8.427004,7.3234506,-5.374945,7.6905966,-5.5440435,1.5257045,hiphop
0.46726292,0.26646084,2493.1638737463427,2330.67697810765,5126.677333016883,0.10351449122000773,-40.255154,80.830086,-25.643091,38.42609,-11.0728655,24.912195,-7.368899,26.772398,-5.2867093,16.798525,-3.4986274,8.451585,-5.5967083,12.057393,-1.8924487,10.485353,0.6510157,0.27163252,-5.0933537,-4.009427,hiphop
0.42498422,0.18603957,2708.8083141428915,2664.597965097762,5556.016403528928,0.12015460223974458,-76.58264,68.33753,-0.9878048,30.34625,3.6340492,5.201216,3.2781923,2.9408548,5.5551662,4.673672,4.3292913,3.4459429,2.8557055,1.4406078,-2.3228574,-2.6037674,-5.0569625,-3.9807498,-5.564883,-0.00071191933,hiphop
0.43024087,0.24188346,2405.5835283761526,2268.5435114732063,4987.044844022107,0.11973245815595976,-27.619719,94.3955,-20.580795,49.872005,-14.710575,23.870302,-17.608202,24.036556,-15.884778,16.42729,-10.625279,13.89017,-10.467002,8.20633,-10.300275,5.0194354,-5.7496166,10.313242,3.6337452,9.231847,hiphop
0.45894212,0.110711865,1929.5861395660595,2249.2447287206037,4411.223325936049,0.054190904363390094,-169.93532,98.057625,-11.311487,38.265522,5.069621,25.395584,-11.830672,25.108501,-5.5583873,19.205223,-2.9109879,18.213062,6.105381,13.954815,-0.30129957,12.484424,0.4084347,1.6486969,1.5285941,2.8091316,hiphop
0.47363523,0.15561001,1811.4872110056333,2201.2950311516684,3806.3103170955883,0.06727699303405572,-127.29857,95.78884,-12.756139,37.96444,20.579319,23.18555,8.276988,9.615845,8.685041,5.52123,6.6797314,4.0264277,1.7274878,0.7245983,-0.42298803,2.2443926,-1.6068019,-1.2154622,-2.2126098,-0.7387682,hiphop
0.51878667,0.08916087,2960.013105340155,2558.1335074460126,5801.173254432324,0.12089987362132353,-220.95444,41.13651,-13.99925,33.61879,12.183351,13.665729,5.9543247,7.631933,5.290375,10.4727125,4.7655735,6.5006533,6.4908996,5.4590783,2.5724356,-1.635883,-1.5488935,3.0862727,4.928209,3.7156034,hiphop
0.44405892,0.20375179,2095.2999106477832,2240.690855056364,4581.122298580205,0.0941872611503483,-74.19893,104.60867,-8.3967705,49.658215,-9.376968,21.438307,-16.337013,18.78141,-13.079522,18.464,-14.953655,6.8762646,-15.326541,4.772735,-11.097988,4.743539,-2.8028686,6.797866,-5.809224,-3.7863183,hiphop
0.39842054,0.2692118,2202.2948946843676,2213.2035124053305,4411.289992199594,0.09668724603328173,-62.8069,72.1019,-16.114138,27.418505,5.5609536,1.821428,3.9023929,8.463778,-2.007449,5.825009,0.15586376,-0.30150026,-0.66753745,-1.4833,-0.06580478,3.2086806,0.6697355,1.1243902,-0.9367661,-3.07751,hiphop
0.5335046,0.118977465,2538.2434921295203,2341.4445993119357,5353.284296088913,0.10066983721942724,-129.9517,72.02137,-23.253374,63.230637,-6.873467,34.400772,-12.189914,30.506071,-7.5821576,20.604498,-6.1974487,14.683234,-2.9395943,9.047846,-4.7400885,5.3837643,-2.4144318,1.6269441,-5.9808292,-0.82341737,hiphop
0.46422085,0.27048802,2859.0217012683083,2640.209195501633,6049.530085985874,0.12823807565789475,-59.610996,63.90056,3.488586,45.235706,-1.1763192,28.23943,-13.166775,23.605127,-6.623219,16.478992,-7.289073,14.477247,-5.793442,8.176778,-6.8806257,6.736121,-4.4755745,0.96118313,-7.1330256,-1.2612325,hiphop
0.48243105,0.109101996,2272.8344394005203,2327.2378038657807,4965.044977052293,0.10450163566660217,-109.50919,97.389565,-20.61962,37.36667,-3.1259952,28.611204,-14.169423,23.86211,-8.736168,19.892464,-11.29863,17.93969,-3.482385,8.219096,-8.95291,9.26458,-4.9898562,1.8386606,-2.2514317,0.67536944,hiphop
0.42727414,0.15468617,3213.1475995725405,2834.0488919453637,6312.970159666457,0.17240182976973684,-79.74996,62.275124,-5.1084466,18.229973,12.862356,-14.114573,4.9116673,1.6750956,-5.7800555,0.81444365,-3.8078806,2.0120642,3.4144382,-2.8724234,1.2645156,1.7522672,-2.2722964,-1.0350908,-4.6091976,-2.8224664,hiphop
0.40901175,0.15945259,3770.0765106624654,2830.835515869796,7050.38236730239,0.21284149453366874,-96.6639,30.600752,2.5303543,12.692531,-10.973728,-2.1038084,-3.6324108,-7.589945,-5.321713,-0.6840313,-4.148996,-3.1092334,-4.859255,-3.0990717,-4.161172,-2.5633745,-3.4825435,-0.3457978,-2.8692477,2.3299165,hiphop
0.4767985,0.1062111,2607.901477732147,2392.1949496304064,5535.341528547068,0.1272399713380418,-114.302704,80.86408,-18.181608,50.662548,-14.933624,29.2647,-20.050333,18.588348,-17.686914,16.67295,-11.416135,16.297129,-4.473332,10.562879,-4.071207,9.144475,-2.8473763,0.6379274,-1.9969015,0.57026863,hiphop
0.50735897,0.25156936,2305.1590945533026,2227.25945920748,4815.479214789329,0.10742111914667182,-44.374714,93.37466,-22.270525,48.861946,-13.884771,34.419384,-6.29798,25.889359,-12.322333,20.435732,-5.749463,11.854346,-11.549435,10.1567745,-3.9590328,10.586919,0.8432895,9.215948,1.7228974,-0.23039897,hiphop
0.46732023,0.20763418,2433.764468111271,2247.5852524839515,4920.920243868518,0.11047967963912539,-88.065,77.3721,-19.0961,51.575947,-11.776864,22.210978,-4.727706,20.109219,-8.329368,14.603727,-3.811247,8.5798645,-11.464595,2.1605775,-12.678757,0.3953047,0.98528636,10.532833,7.629764,4.3883557,hiphop
0.4534411,0.14187486,3069.395746222052,2349.338204102401,5752.87354649405,0.17691578584558823,-111.165504,55.194405,-18.44469,47.21848,-24.78782,22.52642,-21.138931,12.542854,-15.849728,16.296558,-12.565082,9.6091795,-12.127597,4.850223,-2.2139862,6.88599,0.49253708,13.001817,5.953299,5.440598,hiphop
0.35876343,0.19889054,1976.5494346772984,2109.950611023081,4276.707472668344,0.08725570820433437,-67.10567,112.41543,-23.642479,44.281246,-18.861816,23.874338,-13.404415,20.146225,-10.650067,20.623596,-7.508759,14.423368,-9.39121,11.295233,-8.8619585,7.0855293,0.4557542,9.392796,-0.8869529,-0.57510793,hiphop
0.45118245,0.19167505,3139.605595979825,2849.9772069915975,6335.611689422891,0.146737207938274,-94.57143,51.723648,17.519943,28.904242,2.0637572,3.7271113,-1.8516203,4.36836,8.7813225,2.1316025,-1.3799784,4.6916013,4.077907,0.014572852,0.21375865,-0.43703666,-4.1194763,-1.1030105,-0.12764856,-2.7631571,hiphop
0.42703882,0.27364036,1683.7287656142807,2428.093966088148,3619.3447809839395,0.04244418779024768,-114.063034,110.11895,17.930183,37.930096,27.968828,1.4038035,15.55362,1.4255458,7.3542895,-3.3255098,8.241861,-0.18475692,0.6828673,3.3338144,-2.4720285,0.75097793,-4.847812,-2.393274,-3.2914405,-4.6098485,hiphop
0.35554135,0.038039632,2548.7636099360616,2344.8395970517513,4537.730894295424,0.14338613220781735,-267.52255,77.79212,-18.189766,18.88814,1.9943974,-7.588774,4.7138786,-7.698333,-10.356959,10.975267,-2.8659427,-5.757438,2.3471525,-7.099608,0.40505168,-1.8043371,-8.364888,-3.0725455,-4.399869,-1.651445,hiphop
0.46139812,0.10996669,2595.782821610755,2881.612646336387,5858.622907042134,0.08231280536474458,-146.51694,81.55853,31.962297,22.430374,5.098355,13.628087,6.495131,8.408917,4.4383163,5.0106626,1.8354234,2.8645816,4.5268016,3.8527684,1.3351527,1.230336,0.5773533,-0.17094114,-0.659073,-0.08891956,hiphop
0.43234596,0.26401678,2047.1206937169864,2269.215625804102,4552.4308054070725,0.07867374951625387,-58.451878,103.05016,-7.2154045,44.881866,-8.616437,12.345843,-13.746115,19.97422,-13.128944,17.136246,-3.952018,15.581611,-0.46276712,6.9280353,-6.032932,5.636643,-3.1798735,1.815958,-2.5663438,0.107873306,hiphop
0.42474797,0.11082602,1752.0147471390128,1811.3360784876797,3488.9455694901317,0.08312648147252322,-128.15352,124.5842,-37.200493,43.892124,-12.789882,18.988997,-9.285406,19.781609,-6.8781185,13.47749,-5.9798975,12.329025,-4.6527677,5.832854,-2.8728824,3.6824675,-1.8806278,-0.13902098,-2.0508013,-3.2196102,hiphop
0.5623587,0.10348285,2735.79580212033,2295.456105176156,5419.742227560227,0.15760335538409442,-92.59166,77.41268,-32.756367,54.59612,-13.199193,33.65628,-12.08577,28.015388,-11.966779,18.829348,-6.670475,13.036637,-7.021346,7.074206,-4.537122,6.49791,-2.973374,3.706271,-5.411389,-4.2134714,hiphop
0.4038802,0.2470289,3186.910019337875,3286.573770075949,7476.671456257256,0.10757606907894737,-78.69877,51.460285,42.217052,30.076286,20.110865,6.9933424,8.018718,6.883307,-4.6201596,3.6496067,3.6401923,4.324948,2.607875,0.76624197,-9.1659775,-2.1590145,-2.6716979,-5.5222917,-1.3241625,-2.4780138,hiphop
0.37462813,0.15452561,2774.871060337549,2700.5093969910645,5746.540251457285,0.11459341137770898,-83.20266,67.71298,1.2305168,29.658491,12.577921,5.613066,6.2118382,8.097906,-4.784866,7.664915,-1.1791575,4.242718,1.9306675,1.0202534,2.3805702,3.1090047,-8.059312,1.6720583,-1.6564001,-3.2753491,hiphop
0.56064737,0.21563886,2199.9161931162494,2285.598583577631,4791.046029200126,0.09832480226876934,-95.08695,94.19348,-2.517667,49.53372,-6.613985,33.199677,-7.5960355,20.96308,-8.853171,16.792492,-5.2458854,10.775888,-3.4604816,7.3106127,-3.442085,3.8423047,-3.2273755,1.7994252,0.09320569,4.0050592,hiphop
0.4221081,0.22879635,2545.058137328884,2748.0036712223564,5683.715631349168,0.09572391096652477,-66.06444,74.91577,20.634378,39.274265,8.157337,15.135334,-0.38283694,5.572952,1.4617357,-0.63366085,-1.5710733,1.4559903,-2.414519,-2.1937203,-4.3210588,-4.4203515,-5.131102,-4.2903647,-6.3375945,-5.016504,hiphop
0.40067205,0.22475857,1811.0907893923022,2279.385519549546,3889.9348114297118,0.05145433738873839,-113.628265,87.07087,-0.6380836,52.255188,19.377625,19.676193,15.387045,13.710752,6.951093,9.07707,7.965797,4.4127054,-0.15473132,-0.43290395,0.22154203,-0.83721715,-2.17967,-1.9916912,-4.4428062,-4.30102,hiphop
0.40406597,0.09350616,1490.5209977308093,1909.9326034575947,3094.047957381966,0.05873774005901703,-202.88756,132.38377,12.001249,43.771038,-10.231293,17.122335,-13.562596,15.044009,-16.261724,9.421975,-11.6456785,7.0476575,-4.317205,0.8322124,-5.603879,1.2634298,-6.97563,0.39049315,-2.4323792,-2.9321575,hiphop
0.4906673,0.26167372,2708.9613684451087,2510.9024054161537,5795.106624449739,0.1246141368759675,-11.6755085,81.99325,-8.505696,52.767838,-14.70422,31.964735,-19.689999,22.869427,-14.710648,14.518813,-10.083077,14.005072,-8.073013,7.4342127,-5.4978147,12.842175,-3.6973352,6.2179585,-2.5902512,0.1054075,hiphop
0.4618897,0.16556409,2677.639716066268,2337.276817199031,5366.575882383176,0.1457859665247678,-113.496315,68.45945,-15.764089,56.38857,-8.15066,27.04156,-12.364464,20.665413,-12.666248,15.433279,-10.998274,14.049126,-12.502552,7.4015017,-13.318545,-0.2447922,-12.045157,3.818794,-2.673806,5.6455946,hiphop
0.39065877,0.1337594,1735.5854903743884,2055.9870271957616,3552.961849059114,0.07250031745839783,-161.4768,104.041115,-10.936409,43.693085,13.973777,14.462218,7.5062613,9.4815645,6.4391665,6.9952273,1.3608633,4.438623,-2.926756,-3.214433,0.04458488,4.159957,-6.4395256,-4.9638324,-4.214212,-2.278238,hiphop
0.5837967,0.10804736,2472.488643988058,2499.681708769723,5509.025021012722,0.08769334728134674,-168.3471,70.93957,-3.040803,54.825478,-12.104618,30.515265,-1.5212888,28.844461,-8.925712,18.759964,-6.600789,14.6028805,-3.5750616,14.19275,-3.96371,6.9301085,-4.171834,5.868637,-1.513525,1.2838968,hiphop
0.43086895,0.17865911,2517.747734885853,2163.4043932433733,4926.71187551398,0.13887293198529413,-62.994812,86.3237,-37.947296,39.573452,-16.5329,21.116253,-12.255193,13.094143,-12.382425,16.648333,-3.9805012,8.853623,-6.3255115,5.7044005,-6.310835,2.3043606,-0.86548775,6.517326,4.6822133,4.39681,hiphop
0.4995693,0.15126342,1949.3068336318568,2286.5903217127266,4219.474485415054,0.06300302038989938,-133.2267,93.95075,-2.2413454,50.195457,12.518455,15.036698,11.511907,10.248602,7.9517245,10.803761,1.9746124,5.1986346,1.066262,2.1747072,-1.5162954,-0.4487203,-2.4607768,-3.8682592,-1.7064383,-2.7746222,hiphop
0.41778487,0.20674568,2447.981517210075,2779.9431286937574,5316.867849627515,0.0886033946884675,-140.14877,77.06106,42.029648,31.239227,12.191809,10.215244,3.7374847,8.286639,-1.5532024,-1.7558186,3.6267607,4.589858,-2.549267,1.8537718,-2.7621264,-3.623143,-2.6331491,-1.5240897,-2.659038,-5.086118,hiphop
0.47533038,0.13448663,2145.890945678912,2441.669949507938,4529.893202670785,0.07872191436531008,-148.12137,90.56766,-0.2753232,28.855238,19.306164,15.245031,4.2814665,15.519956,1.2726043,11.129077,8.849079,6.3161726,1.6312523,1.4264015,-3.4119391,1.1954083,-0.72351354,0.78173167,-0.45094883,1.7203566,hiphop
0.34012973,0.13660018,1798.2344278466167,1687.3198366500437,3625.136412629402,0.0966369817869582,-129.40356,141.74864,-42.528152,34.00181,-6.971371,8.687779,-11.363058,15.943838,-9.0150175,6.6391087,-8.326202,7.559482,-5.469924,5.870865,-3.1525161,-1.6954052,-8.807614,-4.858022,-9.291838,2.1231596,hiphop
0.49831197,0.12070812,2670.154564498446,2396.6483338279327,5527.058245301616,0.11762400529702012,-103.13827,74.09023,-22.43464,51.60479,-7.0798135,32.670975,-14.993524,19.642502,-7.0712333,22.27215,-7.3240576,17.611782,-0.04568458,14.720985,-4.2429543,10.659666,-6.3376107,1.034024,-1.8354764,5.550284,hiphop
0.47652143,0.06723458,3185.1421645019136,2603.5388708639575,6277.937038173616,0.15219749238099844,-191.63844,41.317806,4.9925003,65.465614,-4.3202286,42.641537,-12.2531595,23.817207,-4.2732596,16.03992,-5.0856843,16.431042,-9.372977,6.6640673,-2.7305553,-0.4432478,-7.4212728,4.5704145,-6.97458,2.468442,hiphop
0.4983869,0.21792412,3053.2752032918966,3025.0571235297643,6667.5096824811335,0.1268197168875774,-74.77094,58.740543,9.939786,21.570108,15.07163,4.9377294,2.282748,5.468898,3.1200337,0.6039443,2.4664066,4.211441,3.4745808,3.5953388,2.7740335,1.884574,-1.7012316,-1.1449335,-1.3548874,-4.0136967,hiphop
0.39005402,0.18296981,2706.6714628489012,2941.23259807602,5996.322074394108,0.1125715037248452,-121.61008,76.91942,29.013481,9.935919,3.1737647,5.1753225,4.968313,-1.0265125,1.1707608,2.1393538,3.1176484,1.1366776,-0.7820611,-4.9822226,-0.12525718,-4.5053763,-2.1900976,-1.373092,-3.1559753,-7.364276,hiphop
0.47394475,0.2083498,2775.2916756205336,2712.623765856432,5969.305571092541,0.11079033535700464,-68.78753,62.373886,24.279099,53.785717,-1.9191564,12.823493,-4.35876,12.354516,-0.22019345,9.053528,-0.9775518,3.94197,1.9162539,2.2540576,-2.5221896,-3.5294876,-2.9246852,-3.6497655,-3.420695,-3.7197106,hiphop
0.43807065,0.25294384,1818.8189646845494,2521.696700963498,3999.725814205205,0.05136250120936533,-118.02059,102.306816,20.772593,37.010674,24.395527,7.802754,15.927474,-1.5940946,6.763179,-0.7802003,8.579758,1.4736061,-4.22273,3.0189228,1.010989,-0.9802994,-5.466814,-1.3039749,-4.241459,-5.00742,hiphop
0.4322349,0.22598088,2470.7222619019626,2410.2596334667655,5256.126550255176,0.10016379341621517,-64.652565,88.21731,-10.360634,41.79439,-2.5611277,22.901434,-6.4988737,16.630943,-5.80191,13.093463,-6.9120064,3.0270064,-9.772856,2.343487,-7.057853,3.202978,1.720787,6.090177,0.37340748,-3.0363777,hiphop
0.44883353,0.24808368,2908.796471318714,2763.7327112504013,6030.596867139126,0.10257420967976007,-74.35975,48.817753,4.047643,35.84637,12.497232,13.47496,9.024468,12.56751,2.486558,12.132177,9.134347,3.9287133,4.571033,1.3762095,3.1932342,4.332538,-4.257221,2.8328748,2.6930997,2.7469275,hiphop
0.46989796,0.22781995,3191.1765117370255,2735.9610117251223,6354.219910234859,0.16916602167182662,5.8419895,53.237312,-8.979136,26.946001,0.44115096,15.555138,1.6571181,7.6658325,4.9847794,8.606436,3.4144683,8.525944,1.1329907,4.909482,0.8620598,3.4024043,-2.8807528,2.7900436,-1.7171186,-0.27817857,hiphop
0.4755149,0.1641434,3459.980501661103,2916.898258706314,7022.724201214202,0.17347174015576625,-103.22315,30.57212,20.809034,45.81602,9.800679,8.6273155,1.6164566,12.33468,0.51866466,4.9922223,-2.83595,8.032368,-1.3974612,3.3177283,1.2085942,3.3016286,-2.6962645,5.63608,-0.7149582,2.7587965,hiphop
0.3936004,0.24401791,2500.521404911738,2578.083186286891,5294.309652700513,0.09951791674729102,-78.71352,73.09978,21.83404,49.21601,3.1142888,18.307453,1.8565906,8.398898,1.4257847,4.2191653,-1.3232716,1.2506558,-3.0139785,1.7983278,-1.8407835,-0.99266994,-1.9069359,-2.6346085,-4.791962,-4.8620996,hiphop
0.50613976,0.13039982,2676.5339159173477,2413.9218973506577,5209.5184987543535,0.13613863257062694,-109.83065,63.104633,-13.840905,43.0195,6.1420445,23.18746,8.0196495,10.656031,0.9803229,5.3213086,-1.8321652,-1.425121,-1.8639752,-3.1835,-4.740081,-3.8052506,-5.5368443,-3.1859324,-3.262924,-3.9281075,hiphop
0.42499024,0.23721823,2328.3253525938053,2627.229475693976,4934.945159061775,0.09669745005321208,-111.22915,89.94116,4.453146,14.530579,9.934057,-9.441969,2.9049585,-0.13894077,-3.0650675,3.2723684,-1.4969656,1.5704437,2.3964047,-1.1631627,0.87109846,0.67440474,-5.169126,2.729932,2.3492885,-0.2558081,hiphop
0.52883154,0.19127107,2825.5302060644444,2830.7288636632816,6190.9792306622485,0.10329945094814241,-100.91944,64.29095,12.551603,26.481697,12.407431,12.13596,2.469894,18.497,1.505779,12.0577135,-1.4862086,6.7316265,3.860637,3.0960424,1.7575848,4.555096,-2.365775,5.4360013,2.771908,3.7227254,hiphop
0.45726278,0.28558367,2808.1424053109326,2441.321442097269,5527.508242580544,0.09764869146671827,-81.1395,49.606533,-14.548334,57.986927,6.843472,27.148214,-6.85523,31.304077,-10.086362,20.312963,-2.5413625,12.746544,3.9735281,13.235149,-2.3756173,12.268519,-7.035884,4.756271,1.8735884,0.022318931,hiphop
0.284948,0.106601134,1276.6962578384569,1570.5673940298832,2468.626739218508,0.05151291602167183,-198.46255,140.68542,-18.416391,30.510448,-6.705267,15.720156,-0.7331212,7.2968283,-6.585081,6.074649,-5.132957,3.448295,-2.8441155,7.178578,-0.31250113,-2.0180287,3.128349,0.8673351,1.5159485,-0.23433031,jazz
0.32236797,0.08055791,1482.2909039482731,1412.3432773193617,2658.97558820506,0.09955948868034056,-196.84306,152.79964,-36.910046,41.80352,-8.709015,4.415903,-11.570117,1.4324312,-14.735852,0.4683171,-10.170387,-6.9220123,-6.252429,-3.712129,-4.565994,-6.416512,-2.9002297,-4.8533907,-5.8741407,-9.119883,jazz
0.2852741,0.09952182,1344.4488685825502,1548.3944966389179,2772.541568153783,0.06121202592879257,-206.78496,141.83739,-13.811611,49.346706,-24.811642,11.820207,-12.791094,-16.55724,-8.389537,-1.206319,-7.6506824,-1.3711851,-9.346775,-7.500103,-2.865562,-6.1411486,-0.9413573,-1.3060671,-2.25067,-3.2847345,jazz
0.2366899,0.1380443,1354.0919077083556,1566.788757468745,2830.5412174378384,0.054945623911571206,-177.27713,144.32156,-17.265924,55.68605,-21.2419,0.35280347,-1.5769501,-10.402748,-5.176471,-0.5141822,-8.736715,3.8688636,-7.9537654,-3.0112586,-2.7447689,-2.6101573,-2.2276325,-1.9513524,-0.024020074,0.76226634,jazz
0.27042797,0.05349315,2213.669961452585,2794.540855397363,5023.3196246734715,0.0753657574255031,-294.19385,84.66457,39.077892,28.635214,14.131192,1.0344226,7.3534536,5.217076,-3.739166,-5.041575,2.224762,-0.5665931,4.218074,0.1285842,0.83073366,-2.1461124,-4.4974504,-1.0901144,7.2270007,-0.2439365,jazz
0.2807769,0.04050316,1522.348449286544,1909.6345910380123,3252.338666886368,0.06140930364744582,-305.49454,121.9265,2.594777,36.92105,-8.559166,17.905397,-9.270869,10.555923,-9.937911,2.3099334,-12.685079,0.3053408,-8.618949,2.5933335,-6.9699116,-2.9224608,-4.650738,-3.246635,-4.451147,-3.9681144,jazz
0.2537832,0.11171224,1760.2398025931382,1792.5429665134232,3460.5457412200076,0.08566917206849846,-173.2847,111.695885,-35.922306,45.8553,-11.438424,19.691586,-8.049163,17.94719,-8.949707,14.695817,-10.3425,4.6709733,-11.79871,3.2452471,-7.9869537,0.08744802,-3.5760593,-0.43947694,-2.103972,-4.8935885,jazz
0.31170988,0.1300118,1804.7156340756278,1861.8373889224913,3646.536283227312,0.07951917146381579,-141.08891,110.76343,-27.475183,51.973927,-8.664053,28.615349,-1.612918,9.6620865,-11.183889,6.517714,-9.409994,-0.12163673,-4.929938,-0.15413323,-2.6613839,-1.8625252,-0.023488237,-4.245974,-4.2238703,-5.637206,jazz
0.24769276,0.08226342,1338.2362329096018,1518.9947756333888,2755.6916700428114,0.076529393624226,-235.67886,144.76765,-22.600693,62.560963,-9.326272,2.016867,-0.34364843,2.0165098,5.560455,0.30435947,9.439983,2.8927057,2.5626411,8.452764,-2.3104289,2.5675395,-0.07063998,-1.6368356,3.250948,-1.3214445,jazz
0.3082287,0.07821867,1617.8954526280604,1568.7957850534979,3104.056230196643,0.10063091077302631,-216.31122,134.98279,-35.480675,61.595497,-14.545805,11.04617,1.2093108,10.962496,-8.294632,-1.4437165,0.12248868,8.281556,-4.5786405,0.56778604,-6.102359,0.2041291,-0.59292024,-5.0357056,-1.2523041,-7.2209473,jazz
0.29865915,0.044368494,1874.628040189689,2084.021021580001,4011.0507457248937,0.07777050478908669,-277.2356,95.75203,-2.9794927,43.91987,1.9414123,22.249989,-6.140645,22.460953,-12.840875,10.7803955,-7.533229,3.5953228,-5.0750594,6.763928,3.6364913,6.7209125,1.7745739,-2.126913,-5.385534,-5.336741,jazz
0.31439632,0.055481903,1790.006149597724,2312.900589587571,4398.04840560299,0.061073326843072755,-217.64455,112.63787,12.686547,39.541504,-9.824911,17.383015,-12.365174,20.71796,-18.302826,16.355808,-10.025547,9.036939,-6.899486,7.310711,-4.7856503,8.571133,-2.7742176,1.2789527,-0.36045894,0.34737846,jazz
0.3661007,0.18859367,2291.4059616944,2593.4073695762804,5247.384936447852,0.0774182771381579,-91.2162,82.60241,12.171335,36.692253,-0.83736473,13.415142,5.6200523,9.662233,-3.7782636,1.8234934,1.5459752,1.2873137,0.8227914,4.399219,0.55539393,3.811254,-0.3538661,0.23312406,1.8074713,1.7372178,jazz
0.32815516,0.022791114,1266.346201396591,1691.3184537804075,2410.285425333785,0.0592777972619969,-345.76822,146.9814,-0.49109453,22.638971,5.8185925,10.342899,-0.1702677,-1.7211478,-6.119701,-0.51345843,1.0318326,1.2220972,-1.9446281,-5.5536985,-4.403473,-2.5995617,-5.196269,-5.4260817,-3.1292613,-0.7939453,jazz
0.2678039,0.06936076,1698.069097537734,2065.891508081712,3806.2603173979296,0.0636243318256579,-237.66241,108.30336,2.0399835,41.773727,-10.451948,16.930843,-8.600078,12.78567,-9.114532,15.938528,-6.518534,7.1738234,-8.2532625,-0.20716098,-8.692221,-2.2442813,-4.727633,-3.5138733,1.4635627,2.4141123,jazz
0.358576,0.05388066,1982.1284065663644,2144.992278612522,4262.482558684453,0.09357350824787151,-201.8075,109.28431,-15.505191,44.28395,-11.047103,18.851795,-11.312691,18.409908,-18.911566,11.226408,-11.899512,6.969737,-11.650189,7.0859723,-9.120556,9.888987,-5.654683,-3.3240495,-5.4509783,-0.30501422,jazz
0.28933343,0.027123563,1171.3008454419294,1677.797951082974,2580.0593987337943,0.03297183388157895,-376.69403,119.16358,-2.9616592,48.50888,13.156198,21.244486,0.012302741,8.008125,-0.41269374,2.3665771,-0.0393553,0.8969516,1.6664364,-0.13889231,1.3513166,-0.17528994,1.9937043,2.7235878,1.7619066,0.4488514,jazz
0.28565452,0.09780148,1725.6345298073745,2091.1137406659923,3504.7121408184985,0.06752226743904799,-168.12325,108.27153,-14.1499405,30.45763,3.8945062,4.6765637,3.187918,1.9276346,-1.1426724,0.23471797,-5.2468896,-2.554674,-7.2195997,2.7779322,-7.115771,-4.675877,-4.034606,-1.6126767,-2.0187654,-5.0494366,jazz
0.1717699,0.1087248,1039.7104745190284,1422.1939175608413,1838.4972161921924,0.04776879656056501,-270.31204,137.55495,5.6220336,42.5081,-7.9594107,9.935898,-6.823992,8.244321,-6.188954,5.4695616,-5.445731,-5.178624,-6.994632,-3.2311845,-2.0175717,4.406213,1.9930397,4.9886174,6.58695,-2.418629,jazz
0.3110394,0.043587964,1752.8065045704263,1990.037621627014,3733.4190911921924,0.07241415017898607,-237.4993,115.94339,-15.457231,47.112404,-13.51073,18.19933,-13.971238,15.334491,-17.53589,13.420795,-6.2305827,8.634656,-7.248398,4.7821326,-4.3985624,4.5109797,-4.2662773,2.329209,-9.923247,-4.325606,jazz
0.2207792,0.08783356,1987.9269514759144,2100.022545349884,4315.765569822707,0.08007358988003097,-188.10992,98.63332,-11.278643,47.21775,-20.33315,18.785868,-15.794505,13.689794,-15.455807,17.430902,1.0143813,18.283552,4.647219,9.836632,-5.4971385,2.126731,-6.2551417,-3.416157,-2.9926598,2.2102187,jazz
0.32550374,0.07136117,2861.0669041187775,2566.5628642485667,5606.249433110004,0.1475769609858746,-131.93135,61.59087,-12.654589,35.085182,-2.1272993,-0.9491929,-4.8379145,-4.105522,-3.2856128,2.496221,6.411373,3.4233513,-2.8839264,3.2295115,-1.3421866,0.86595935,3.6739004,0.63687843,-0.36149603,6.3308907,jazz
0.26615044,0.11916368,2503.139918026569,2598.4802162770143,5155.093827852893,0.09583048628579721,-141.49686,70.90452,-0.5232313,33.57305,1.4106367,-9.186746,0.75543296,0.54037553,-9.192057,-2.5710378,4.0803123,-2.218427,-0.69174737,-0.82226497,-6.4834576,-5.997157,-4.2439694,-3.2427416,-4.0728984,-6.5609474,jazz
0.2804065,0.04502918,1787.936479244805,2485.6819876272198,3905.668049626306,0.06275774598490712,-322.49924,90.65098,27.02718,37.856743,19.709015,4.609319,3.070613,7.9708104,1.9372375,2.0878365,0.44746584,4.8929596,13.060922,0.4125618,-0.72146416,4.703701,1.2312222,-3.745362,1.688814,0.39244694,jazz
0.3374259,0.052408926,4136.053468579488,3220.9346750305085,8258.125064247533,0.2617017433001161,-156.61226,22.763254,10.495277,24.156208,10.143046,2.969647,2.4915147,0.48371992,2.691014,1.2310426,3.331662,-7.8197894,1.1087779,1.8791414,2.3311465,0.72104555,2.9955823,1.0147958,7.6109095,-2.053713,jazz
0.3031213,0.119166136,1733.583196998827,2068.043895852972,3379.546231012964,0.06871462606424149,-154.29288,110.68496,-22.299717,21.146955,4.267235,4.749065,-4.0923247,-1.0206658,-6.4128003,-9.245783,-3.6310499,-5.5030346,0.5368921,-0.5116376,-4.807277,-11.2095585,-3.9384496,-1.4645185,-4.413699,-10.600424,jazz
0.20990238,0.18441704,2050.136011182281,2467.178066274356,4564.072401678599,0.06479514863099846,-165.46796,87.24911,24.815533,28.417309,-2.7805507,-1.3317891,-14.06644,-4.7474627,-19.206076,-0.592864,-11.947256,-8.335517,-8.235879,-0.42448345,-6.424988,-1.5306296,2.0240119,-0.4465538,-0.90405536,1.5472661,jazz
0.3444932,0.046762493,1504.4850155324564,1754.5156757138323,2800.499732427922,0.07846437814434984,-251.99103,137.88876,-11.156676,8.355846,0.71759856,1.5888836,-3.7369921,-4.1388264,-5.510426,-2.64281,-3.5355754,-3.1450665,-1.8456105,-0.9996877,-2.588094,-1.9635671,-1.5052294,0.21605921,-1.9949428,-3.3498685,jazz
0.25022087,0.11051283,1336.3698511878918,1554.5046777257078,2751.675027664232,0.05873471664570434,-202.82196,145.73987,-23.568312,47.84978,-14.344827,1.6427202,-7.0651674,-11.130013,-4.5997396,-3.6073804,-3.7880974,2.046826,0.84362924,-2.0191522,-1.0314074,-1.4507904,0.781076,-0.39524198,-2.3347764,-2.0125756,jazz
0.29495355,0.112695016,2414.857050479083,2552.5429673290614,5135.260614448288,0.09557311822755418,-149.19681,79.0861,2.0091484,27.607029,0.31506646,1.7276528,-3.613092,-0.16500689,-5.0356708,1.2518126,1.146215,-0.6187953,1.8201314,-2.0573413,-5.999064,-4.9191823,-3.9601038,-3.5674086,-0.85716933,-2.1819913,jazz
0.3116933,0.12998866,1759.5124735322347,1779.6060525998578,3574.070054754015,0.07934494727167182,-146.41248,118.20678,-34.672737,58.787296,-14.969057,34.30445,-6.60335,13.900935,-14.64558,9.200511,-11.337796,1.0974845,-5.503306,-0.14809406,-2.1899927,-2.719625,1.1250771,-5.59506,-2.7608356,-7.1366487,jazz
0.31734142,0.18266174,1397.4044755755383,2136.074872989545,2932.4989342468075,0.03827792424535604,-179.37413,114.49273,28.19665,35.97931,11.041098,12.684317,3.8171387,8.518316,-0.014727235,5.4623322,1.059964,2.6322298,-3.7399516,-0.29827702,-0.73307264,2.5585303,0.18569814,1.545379,-1.2458054,1.3971,jazz
0.2766236,0.08642742,1004.9502771230314,1247.0395590509893,1811.8057109254064,0.04966409878095975,-246.9766,167.98894,-19.801533,22.009905,-0.73479646,15.09326,-1.283684,4.728426,-2.0619874,6.532095,-1.3844984,5.6376343,-0.28600544,5.6525235,3.196911,1.8621626,7.0115147,5.0449133,2.4658363,-0.8981091,jazz
0.19868673,0.039293658,1171.777849469535,1277.7354152116584,2018.9377917593847,0.06494254002999227,-358.30573,137.95895,-11.000711,20.85169,1.9473597,-3.4139967,-11.520309,-3.2774699,-11.020816,-8.386409,-7.478809,-1.0018498,-6.7380137,2.3913639,-2.6258183,-0.2781389,-1.436534,-1.6825627,0.9089204,4.4359136,jazz
0.32977176,0.064137496,829.2976290034476,1037.7963033485519,1553.5656058013255,0.033065559694272446,-318.80017,162.65161,-16.45292,39.11607,31.457945,15.257577,-0.6891251,5.795025,-8.640233,-4.0038767,1.3734989,0.092580505,-3.0869427,-1.531872,-1.5808208,-4.8814583,-4.259913,-1.2951264,-0.75336623,-4.428872,jazz
0.35739475,0.11859105,1304.6853072764807,1636.55007405309,2724.4335257232005,0.04627485245743034,-189.91695,134.41617,-25.677439,45.7453,8.189719,21.450272,-4.5843787,14.39094,-12.660092,10.2806425,-7.9415693,-1.1395634,-5.0479884,2.4128115,-5.010758,-2.1543725,-4.2402406,1.8404953,-0.4433658,-4.7699084,jazz
0.3702115,0.23234327,2456.2698596396212,2654.9023182833403,5466.591944266399,0.09449413760158669,-23.235779,82.91704,2.0489414,29.50576,6.599293,6.4949236,-0.6967,6.17284,-3.4220035,5.5945215,-0.3769912,3.266179,-0.20612173,0.3198187,-1.6405317,1.4783797,-5.3323565,-0.03777899,-1.0947468,-0.04259616,jazz
0.23740348,0.03977746,1077.1722769200633,1539.203321501309,2111.4788988426376,0.04151184270994582,-366.44046,131.6985,16.512932,36.32004,5.0606465,14.675122,-6.163724,4.7142563,-9.586796,-1.290368,-2.6941326,1.5798389,-2.2748067,-0.18491998,-3.2606435,-4.6811976,-3.571376,-3.9690418,-1.8218518,-0.9156632,jazz
0.37253192,0.19823949,2978.340196118377,3036.40644175023,6863.166832702448,0.11482508042279412,-38.042526,64.98809,14.297377,21.284706,7.5019093,6.372108,1.933678,6.5560617,-2.932783,5.597701,2.5014198,3.0295467,0.60874254,1.9923115,-1.7813993,4.515872,0.06030126,-2.0403485,-3.8632631,-2.0456014,jazz
0.27644315,0.048769686,1853.5659404817295,2095.722266921797,4029.633966688032,0.07490468689531733,-233.75851,108.46991,-10.714609,38.69959,-10.764275,14.162392,-16.258524,10.3716345,-20.816319,10.0704975,-12.024098,7.765772,-12.021537,3.382016,-6.3585625,3.978088,-1.2818804,-3.8250751,-6.2285657,-4.948928,jazz
0.33237413,0.13311215,2968.60250464515,2922.5207113909246,6416.76119872291,0.1297546953608746,-84.05435,63.061363,5.6391883,24.924852,6.21167,-2.9040585,-0.3640593,-1.0757005,-4.244647,-2.3303056,1.5680953,1.9355133,1.5438602,-4.4644966,-5.300865,-2.9940894,-2.8913958,-3.3203404,0.32845336,-3.9741752,jazz
0.2589833,0.17267226,1579.0127661124945,1853.5460037865291,2967.2070577048667,0.08824663191756967,-117.8876,122.55041,-13.149182,26.755905,4.313922,6.866731,-6.814441,-0.33922082,-8.199784,-5.0079026,-4.495015,0.12167713,-4.6518903,2.848796,-4.9712834,5.5497994,-1.2209275,3.5765634,-0.34301436,0.49348426,jazz
0.41037485,0.19042452,2482.069759803357,2759.667879024035,5794.8316261126165,0.08078258030185759,-55.19004,77.47864,8.272335,31.560976,11.512488,11.753404,7.8777065,13.517612,-2.2645762,5.616169,1.4572817,7.372973,-0.92715436,1.6434432,-6.0775337,1.2362773,3.2791789,2.9196074,2.4114404,1.940294,jazz
0.43288732,0.047963757,2915.1352677290415,2420.4740701281185,5865.106201171875,0.1813991298616486,-174.70404,75.89945,-12.7928505,52.606617,-29.416119,22.748615,-22.366758,18.633335,-24.704725,21.168022,-13.802683,13.009406,-7.8598866,8.022092,-5.9713907,9.527811,-6.0026174,2.33798,-3.3587646,2.5073988,jazz
0.34533137,0.049848225,1934.517120777341,2187.091434344433,4327.598831601926,0.08418656576528638,-233.09598,105.91778,-2.676613,37.433624,-8.178377,15.727415,-15.066482,8.377421,-16.380407,8.630883,-9.384076,7.093085,-5.9991117,1.992086,-5.7264166,-0.94129705,-6.9125566,-3.772015,-1.641049,-2.45002,jazz
0.2309633,0.0409175,2958.8527443760186,2832.9030171788304,6065.3466570119,0.15142274271962075,-299.40533,60.77721,32.098515,25.695835,7.463468,-1.2953769,1.8622721,5.2616196,-5.5296664,-3.1035633,3.6464574,-2.2974074,0.8934429,3.341782,7.2738442,5.9343653,-8.263964,-0.46254218,1.9967841,-7.015196,jazz
0.26689672,0.085357636,749.3568923103393,1211.0045035687272,1133.701477995598,0.03169028456366099,-296.6781,172.37868,16.867048,18.952925,1.3671693,14.381316,0.9986559,9.520247,-7.4175544,3.5217013,-7.659343,-0.104185596,-7.962855,-3.1971028,-8.079399,-4.0539813,-0.8445242,-3.8689592,-2.8218153,-6.9224005,jazz
0.39294958,0.051637337,2874.7793906046186,2802.5978547939376,6138.46288155476,0.11833828669214397,-178.09238,61.942627,1.4681739,36.04594,7.5810146,5.1538916,-0.91762704,2.9412885,1.4490775,2.134227,5.1702733,2.0257974,0.51068836,6.528254,2.6033716,4.8549476,7.9310346,4.527473,-1.6060568,3.7312236,jazz
0.31128114,0.06815898,1855.2856495889075,2215.888359124398,4284.540758634868,0.06339606412054953,-219.7643,100.798035,-1.4563237,41.285435,-0.9485441,23.37939,-11.514086,20.027903,-15.970275,13.943597,-7.9898458,5.73836,-6.868226,6.212484,-5.809604,0.9544674,-5.164731,3.051116,2.0808203,0.9545135,jazz
0.29589707,0.039259337,1492.5645306761603,2014.1643643596335,3376.7962476417374,0.04620040090460526,-315.01422,112.72768,9.74075,38.98918,3.9426134,20.019873,-7.223192,15.273513,-13.67778,10.151814,-4.8844323,4.7019935,-2.6995618,3.8284907,0.8413567,3.3496335,-2.1094275,-1.2456772,1.783729,-2.226574,jazz
0.32237762,0.08056084,1546.508468476633,1581.2424965818198,2723.583530863003,0.09965699375967492,-190.51927,143.9857,-28.421679,33.79344,-1.2972347,-2.3015273,-5.643836,-3.6400142,-10.529328,-2.8581395,-7.707229,-8.583432,-5.3038993,-4.025823,-4.786987,-5.7614465,-3.8844845,-3.6434102,-7.224799,-7.6945863,jazz
0.36379892,0.0375109,1651.0000253804194,2040.7692527060574,3659.5112047697367,0.06369991715847523,-253.22862,122.683266,-5.6540422,40.59252,-5.846394,18.42774,-16.653336,14.598943,-15.162859,8.216917,-13.890625,8.28256,-7.312088,5.423101,-6.309017,2.7893252,-4.2350693,0.5374826,-1.48514,-2.5387604,jazz
0.42909393,0.074288204,3393.857478271707,3147.780755442214,7235.039584038796,0.14970204261803405,-126.01214,56.60824,23.495506,23.70013,-0.303655,7.1513734,0.16874294,-0.8434282,-4.1562734,-1.8949324,2.5230918,0.5281127,0.92665267,0.042565644,2.9119654,0.12040474,1.3131231,0.37778205,-6.133196,-4.948556,jazz
0.31936443,0.05947569,813.4386379736895,1059.1794282123183,1417.2080970031927,0.04467433303502322,-297.2327,193.09448,10.135857,-1.6042609,3.4037557,9.997605,-7.269057,4.690433,-5.3988447,-2.8661935,-10.235335,0.38492283,-4.966055,3.242382,-4.478282,-1.8856791,-2.2746382,3.8804512,0.34528306,-2.2132218,jazz
0.24948634,0.060589816,1465.5161216965355,1738.2788798895733,2820.98294190209,0.06986427897639319,-259.8296,123.20836,-6.411299,37.575974,-2.984689,13.062032,-14.09377,5.306912,-11.9795265,3.5143037,-9.6395445,5.340486,-7.8407793,3.265098,-0.5539102,2.886245,-0.02954026,2.102986,1.1109313,2.9338825,jazz
0.3805404,0.16229047,2475.6009489427947,2687.0691133944065,5544.583139330979,0.09815057807662539,-51.347794,85.20031,3.6435585,22.86177,-1.5293608,6.1102853,2.4109147,3.644935,-1.863228,4.3669353,1.0871079,0.77976483,-0.73646325,0.41210726,-3.3764596,1.4221644,0.40555272,3.6520286,-1.3677119,1.219079,jazz
0.27487186,0.098557666,1220.0295209430099,1459.4988051035366,2416.877052141786,0.04806244557856037,-234.3426,142.7224,-14.277184,51.923065,-8.200177,12.773933,-4.2952166,12.082512,-13.72385,-1.5506794,-3.9817657,4.937513,-3.937215,2.1901505,-6.6842165,-9.763288,-4.4732585,-5.5334992,-1.1700695,-1.1021105,jazz
0.3279028,0.06013178,1884.9439012894368,2230.243951822194,4355.8153276473,0.05812512093653251,-223.03062,102.89912,-1.6697339,45.19948,-6.7459736,25.354921,-14.366872,24.246717,-10.414377,11.146243,-9.151457,6.6251283,-7.8286963,9.370096,-3.4302793,2.6738746,-6.2105994,0.8636518,-3.3903105,-0.38150454,jazz
0.44186088,0.043215886,3027.140362803872,3302.676301855675,7278.83931918779,0.10014829842298761,-228.37154,67.53677,37.079845,21.325262,17.058424,10.142423,10.776463,8.010919,2.042187,0.2971387,2.4991305,3.8471446,1.5821795,2.8322551,0.04377581,-0.19756217,2.3157341,3.2987049,4.046379,-0.18987428,jazz
0.3703903,0.0757338,3029.035019092715,2828.8683421725436,6201.412500907024,0.14035780584849072,-117.24632,56.99422,-2.1099281,35.616062,4.713422,3.890102,11.592065,6.0787044,0.5825712,2.2747371,2.6996386,-1.8503127,1.6808274,0.3939449,2.0524464,-1.195826,-1.0664489,-6.282375,-5.3911533,-4.8702927,jazz
0.26762775,0.080827355,1064.8215157992543,1050.3378104695198,1896.0802013290925,0.0578726659249226,-257.01797,175.31583,-44.815464,25.663229,-4.2567363,-0.22129156,-11.32312,-9.186281,-4.0999312,-8.300056,-22.553421,-7.6086698,-7.6533217,-11.745615,-8.175761,-7.5016985,-12.29794,-6.7714224,-3.497884,-8.646908,jazz
0.20151572,0.050492767,1451.4983709587157,1919.9176506032034,3046.0899140443594,0.05122229041698916,-298.80795,112.078224,6.4857726,28.386517,-6.7646785,16.651894,-11.809682,12.746783,-8.347038,13.898631,-4.2357635,2.3195703,-4.3267922,1.4079027,0.7140657,13.479482,9.419415,6.9146514,7.8777847,-1.7827406,jazz
0.20186247,0.03192383,1367.4115371823066,1638.8353781037492,2631.8257523764028,0.05863569985971362,-414.14978,104.84414,-7.821512,37.875393,0.21378121,23.427855,-7.274099,5.766595,-1.0599732,8.498606,-5.490028,0.89405787,-1.4638119,7.720703,1.2548685,6.0352397,5.2437243,2.4282,7.6040235,9.802248,jazz
0.2910604,0.09153846,2428.6412687077973,3007.4099703213597,5927.730822489358,0.06904795738196594,-192.50781,80.95126,25.701668,18.534101,14.171381,1.2654693,4.092948,-1.4168411,2.6607609,5.2351856,3.7162206,0.2937416,7.3394513,0.8875502,-1.222707,-1.3455075,1.1447127,2.6570992,3.2115803,-3.0025358,jazz
0.25388345,0.11175289,2009.8139341354786,2227.04987536481,3910.6930192410023,0.08743219995646284,-159.27061,92.04842,-16.75185,27.393679,6.1041923,3.2399652,7.1759634,4.0307016,3.5977046,3.5440965,-0.5867413,-3.7236729,-4.721017,-2.5898602,-3.304095,-3.5473347,-0.8847747,-2.310454,-0.9463078,-5.453007,jazz
0.32528928,0.04059718,1769.401598572535,2113.48363433267,3966.7260137504836,0.0626534382256192,-262.1244,108.98235,-6.3325477,55.189724,-10.662285,18.535446,-4.2509136,18.56122,-19.706915,17.574827,-10.982367,11.932398,-3.427909,7.1972837,-8.854764,4.9730887,-4.0530705,-0.118047185,-0.8198266,-0.6021685,jazz
0.26454055,0.09149953,844.1391584726199,1104.300079506871,1608.9152711094719,0.03772993058243034,-261.87732,182.53572,-16.907084,49.87154,-1.214441,6.345543,6.0023923,-8.873115,-10.316278,-3.2050672,-5.371813,-3.549534,-2.8916366,-7.471893,-0.5367156,1.1297988,-1.9821706,-5.232581,-1.8658432,-3.5023189,jazz
0.2699995,0.061363127,1875.229063578226,2569.5109758059184,4292.8490417291505,0.054154245476973686,-217.62901,105.628746,19.315363,28.35325,8.654835,0.143652,6.365768,-2.5397053,-12.996928,-11.149584,-6.152888,-7.734215,0.42279667,-1.2611347,1.7099496,-2.302344,-3.811484,-3.6843863,0.5768568,0.5731453,jazz
0.22404481,0.021187648,1176.0043625534947,1752.937087914347,2343.769160881869,0.03991094536087461,-413.57913,118.27575,31.103315,40.165207,13.103852,13.94495,-3.7192178,4.7483687,-9.89125,-3.062779,-6.2822094,-3.6105402,-5.263689,1.1222526,2.8341749,6.594534,7.9513707,5.062708,1.602072,-4.378069,jazz
0.23504394,0.029602116,1687.29845279388,1762.5515004488307,3353.5463882304566,0.0846627533620356,-318.9286,115.70399,-23.042324,52.599457,-12.819439,14.633499,-8.213701,0.307748,-23.876354,10.842194,-9.591383,7.4833226,-4.2422357,2.9921103,-4.399104,-1.0453881,-5.395035,-5.510679,-6.9705253,-1.7180669,jazz
0.26453978,0.09149874,871.7686824803111,1205.520543613688,1632.7901267414861,0.03778284031540248,-260.35196,180.60806,-15.362777,48.56042,-0.07432582,5.434278,6.5999117,-9.153328,-10.289848,-2.9884076,-5.823054,-2.9312973,-3.617783,-6.676413,-1.3511275,1.9006735,-2.6857536,-4.6111813,-2.3806977,-3.110714,jazz
0.34920046,0.058850657,2034.579158061201,2084.7063147288427,4342.948738783137,0.0932473575367647,-202.60838,105.84573,-20.537836,43.897964,-14.2723465,25.29954,-15.592006,15.311661,-13.294725,12.276097,-8.764145,10.158417,-1.8681043,6.188661,0.21987765,8.036411,-3.162191,-0.4541894,-3.569342,0.7220386,jazz
0.40154165,0.047840312,3906.2972143441307,3328.954589433915,8037.609731006917,0.20684871142124614,-158.2061,49.602417,21.594702,16.516554,11.422575,6.259136,5.633524,-0.19963437,-0.24266581,-1.9968203,2.022939,2.68914,-1.4565204,-1.805966,-1.8253208,-3.3063495,-1.5225008,-1.1878135,-2.9898036,-1.8677343,jazz
0.24768116,0.082262956,1311.6069322444207,1446.3946566783561,2724.9668558315598,0.0765237247242647,-237.23965,146.82582,-24.444063,64.27367,-10.83398,3.25913,-1.3375022,2.725533,5.168945,0.39773974,9.611381,2.5067868,3.119368,7.759573,-1.5198307,1.7340524,0.76727414,-2.4550922,4.0099945,-2.002492,jazz
0.27664104,0.08643475,1117.5098786077247,1545.4654904671056,1957.1131656044408,0.05003635654508514,-237.90088,155.81624,-9.225844,13.198115,6.6094007,8.891294,3.9802098,0.24934238,1.7425677,3.3538353,1.1899072,3.6303484,1.1625515,4.792175,3.4717696,2.0584626,6.528013,5.6560874,1.8122181,-0.2460927,jazz
0.3419146,0.04579199,1845.8761145516376,2730.8698084088583,4330.4238145196405,0.04282929506095201,-341.018,89.85992,44.511986,28.827593,16.317823,10.590869,7.000736,0.8200661,6.097488,7.125775,5.4116616,2.735858,9.361677,5.570951,3.7773478,3.1608663,0.2872116,-1.3718241,-1.5763364,-1.984961,jazz
0.27402082,0.06975041,1169.651305238844,1498.7076899393865,2444.618551059404,0.042349706124226005,-261.7981,139.52617,-17.128893,49.894917,-5.8686423,19.85336,1.8584814,5.7186413,-7.8311815,-0.4173514,-1.2528467,-2.1903846,4.4650025,-0.31179246,0.11012405,-0.27917987,1.9837526,-2.6391041,-1.1543758,-5.369062,jazz
0.28263187,0.05864249,1748.0333593267528,1947.6675290439239,3684.56105329673,0.0792973285119969,-204.82892,117.45068,-20.939701,42.00593,-10.3640995,19.208965,-11.633756,7.984109,-20.264103,8.785669,-11.697367,5.1714845,-11.238974,6.0612717,-5.1418743,7.8284664,-1.1918238,-1.0728712,-3.1602383,-1.5336112,jazz
0.27403566,0.06975202,1193.8785302218275,1559.7834084541525,2480.734999334849,0.0424521242501935,-260.898,138.52455,-16.351122,49.150703,-5.258573,19.354551,2.2062247,5.555694,-7.8772116,-0.19809319,-1.6170176,-1.7220765,3.9436965,0.23985928,-0.4268878,0.23164405,1.5121374,-2.2414093,-1.456627,-5.157089,jazz
0.27724737,0.10031754,971.5475880069571,1301.6522166682134,1795.922473635836,0.04257495041602167,-228.39198,170.40265,-16.07386,43.96471,1.100905,3.9967983,1.078136,-7.2046065,-12.514963,-4.418733,-6.0696063,-1.3367639,-3.1518414,-6.473728,-3.3002408,2.1554027,-2.304968,-7.364893,-5.195212,-2.860356,jazz
0.29375893,0.14682163,2902.8282153333053,2855.1189518850565,6198.312519652187,0.12654912139609134,-78.224205,63.218513,-1.6562836,21.022593,4.470186,-3.5898206,-1.5619469,-3.0696394,-6.07829,-1.956067,1.7820154,-1.2156537,0.9424572,-2.562907,-7.7692623,-5.9337406,-3.0165126,-2.4619606,-1.0239958,-5.111242,jazz
0.23403837,0.07812967,1377.9769900941744,1773.537104860026,2583.9510418682275,0.06180650457140093,-248.10945,125.98793,-12.599598,30.244165,-1.0903051,-2.2130063,1.9470435,0.25160477,2.6987667,-4.426094,-6.4816456,-6.51706,-3.9940171,2.3482583,0.36170593,-4.0673127,-1.5211644,-3.530002,-6.1920576,-7.346031,jazz
0.3329557,0.062368374,1782.4772448641631,2061.994476113513,3812.5852791517514,0.07357060577109133,-200.01402,117.22407,-12.376729,39.106846,-6.360406,16.528856,-17.306795,13.629064,-17.661602,14.030023,-10.206362,12.17701,-6.7196336,7.7367787,-8.080096,2.6364007,-6.647839,4.8682566,0.70246035,0.46183327,jazz
0.27865592,0.100316875,937.3979933729273,1186.6457726133108,1763.3143374794408,0.04262597051567337,-231.32324,174.37616,-19.749834,47.37502,-1.9767611,6.666584,-1.1248527,-5.49983,-13.732543,-3.692999,-6.3150644,-1.5051637,-2.6337097,-7.2695174,-2.3065693,1.0365753,-1.1124699,-8.569704,-4.0475135,-3.9144938,jazz
0.33828345,0.06984886,2634.319273980018,2728.5025076868055,5562.633030185759,0.1078761428502322,-163.53947,65.97194,5.3612905,41.897198,7.025767,5.5014386,8.930416,2.6784527,-0.1825784,5.1554236,10.491717,3.329865,3.8408945,2.5506477,5.697306,-1.0907345,-1.7849191,-5.1990604,-5.6545596,-9.766991,jazz
0.35340852,0.05222462,1992.940889677231,2126.9618689886793,4247.190984483843,0.0877088422745743,-192.12538,105.58749,-26.031008,40.159424,-6.6549764,26.496698,-10.3881035,18.469723,-13.99558,14.937352,-12.68688,9.585425,-5.1951456,7.830172,-3.8694494,12.349873,-1.1174852,-0.7776873,-2.9812963,0.358094,jazz
0.30749902,0.14569664,2777.976524524572,2691.2404901834752,5813.648178998162,0.13090245863970587,-77.089676,64.52771,-2.8485157,28.531282,4.684905,-2.8145125,-5.9473634,1.8981453,-5.205106,-2.3232338,-2.939537,-6.1481023,-0.7635445,-4.4825006,-4.159946,2.1245155,0.8419235,-2.6640372,-3.3218763,-8.301836,jazz
0.30433968,0.036303554,2235.3440263233524,2259.025353378826,4683.438346555728,0.09940416082140092,-232.99846,93.82679,-16.198393,49.573948,-13.947243,13.494127,-11.828397,13.290517,-25.828712,17.376808,-13.317582,9.277925,-5.4937825,1.9250938,-14.4043255,2.5919933,-11.481817,-1.2296832,-5.2042375,-3.8765197,jazz
0.248026,0.050200842,1352.9901253634764,1714.8797848748588,2713.2835931453174,0.05548416940789474,-267.28662,129.05225,-14.737059,41.26877,-1.0149701,22.953379,-8.132359,11.179748,-9.073573,11.318423,-5.4999137,13.579102,-1.1755162,1.877797,-2.71116,3.276862,-1.5962919,0.26421,-0.6178972,4.5069003,jazz
0.26958323,0.045294043,2151.985122584835,2775.0279988687803,5013.611350044746,0.08170320965557276,-215.39735,100.96081,17.098629,12.978259,16.062914,4.7642055,4.5650473,-3.1336946,-4.154083,-2.2966676,-4.9289665,-3.3494506,-1.4255524,-5.027763,-0.66902375,1.347664,1.9956138,-0.25326028,0.96090025,-2.129334,jazz
0.28527668,0.099523455,1382.7307308073396,1642.9065020667172,2832.566205193015,0.061230544335332815,-204.39252,138.57968,-10.791183,46.55238,-22.306913,9.692931,-11.094837,-17.798853,-7.5862684,-1.6000805,-7.650326,-1.0194117,-9.977278,-6.6626043,-3.8579142,-5.062099,-2.0349162,-0.26989222,-3.1960154,-2.4486814,jazz
0.250222,0.11051244,1295.2562362132712,1446.1021014116336,2695.375368100571,0.058650061072948914,-204.23215,147.5966,-25.218626,49.35425,-15.650292,2.7000403,-7.849552,-10.642353,-4.79889,-3.6669734,-3.5059478,1.5687523,1.4722064,-2.7254915,-0.27923715,-2.2208838,1.5168803,-1.050274,-1.7688464,-2.4751623,jazz
0.24827774,0.1074972,1267.9899185341335,1546.105463680024,2486.184966379644,0.057861328125,-246.32092,120.2031,-0.9341637,30.689386,0.19115493,23.146517,0.42938554,9.172055,-0.57383174,5.722522,-3.7569342,4.2316704,-0.27937397,7.446286,0.71138537,7.070838,0.86563236,0.9513321,1.7338495,-1.3477299,jazz
0.28497162,0.106615424,1428.0387423978177,1887.5348651112279,2730.5418221205014,0.052423719282120744,-190.39607,129.50664,-7.83752,20.721296,2.19182,7.792376,6.1902175,1.3513004,-1.5920604,2.0195143,-1.9929144,1.1642936,-1.3514087,6.4100657,-0.2019435,-1.5658294,2.2416732,2.0431113,0.1735426,1.174132,jazz
0.37970966,0.21197514,1575.4538722228804,2069.892648862584,3341.013130684017,0.0558798586251935,-69.50922,125.97759,-5.1732893,30.769241,8.304398,5.0812526,-3.9214041,5.376409,-10.774685,9.034488,-8.263985,4.7895856,-5.1241627,2.210665,-4.779985,0.62303174,0.031627502,1.2315757,4.0309205,5.0856667,jazz
0.3002093,0.07116985,1825.9751750083587,2107.923976632816,4011.4924097208786,0.07692054772155572,-192.5174,113.18369,-6.373055,39.59309,-9.189575,17.204054,-19.114597,12.203579,-15.475885,9.702114,-10.961739,12.922776,-7.2921767,8.494463,-4.16596,0.97554106,-7.13342,1.1970444,-1.1769763,-1.2938074,jazz
0.19719192,0.093731664,1170.1567961600012,1355.8759398892682,1958.7548223442338,0.06483445300406347,-291.96652,137.64107,2.6701086,35.637432,-12.310617,15.607238,-6.798581,-2.8389642,-3.7904322,-3.4771774,-1.7255406,10.397662,8.311191,5.2286305,0.33438402,0.38182384,-1.4845995,-0.7641721,-6.311322,-5.534649,jazz
0.2856102,0.097780414,1554.37964673427,1774.9284673984907,3216.538883362761,0.0664005811000387,-179.5948,124.327644,-29.741776,45.383682,-10.188966,17.7808,-8.81768,12.764227,-10.756725,8.615611,-12.390897,3.3914447,-12.018151,6.511953,-9.865381,-2.809283,-5.114865,-1.1965963,-1.8772838,-5.637334,jazz
0.23667087,0.13803996,1317.1069234804231,1475.3339718897462,2779.024862283524,0.0548605904121517,-179.7903,147.7629,-20.479696,58.623974,-23.80918,2.4678237,-3.1952913,-9.30137,-5.759234,-0.42645758,-8.36673,3.1024642,-6.851183,-4.3833666,-1.1809789,-4.269698,-0.5557317,-3.5810242,1.501876,-0.60820794,jazz
0.5551851,0.10085454,2699.597527581128,2324.236570543931,5385.400768551664,0.16150658197078174,-89.329834,82.35691,-23.258312,68.10751,-13.08676,22.4548,-18.526537,26.23265,-14.358575,21.504414,-13.878503,12.481539,-14.122218,3.7533553,-10.118068,5.401124,-11.116163,2.6867971,-5.68873,3.0959978,metal
0.47251746,0.12730838,2710.046718960873,2264.040229064905,5322.6094815753195,0.14390615929760062,-74.930435,79.14186,-40.912483,54.72062,-9.683359,37.261475,-14.976003,20.93737,-17.431295,16.582232,-11.095815,15.470192,-11.143387,10.473644,-6.382819,5.5478873,-7.290109,2.9126537,-0.56903154,-2.8343635,metal
0.5418777,0.1181039,3048.5052057998873,2358.8824139471512,5662.490759693063,0.19654038373161764,-58.720364,70.55819,-19.421354,73.593155,-27.765425,23.759441,-17.90417,21.222898,-16.94942,16.136871,-15.223488,14.874156,-18.705826,11.308096,-14.637608,4.311709,-12.7187805,1.1689202,-8.019436,0.91980904,metal
0.48454973,0.13824102,2871.3062606691374,2127.0201151316833,5187.1436340520995,0.19822933799342105,-61.47552,71.744484,-46.28824,75.44222,-18.524563,35.95709,-12.68256,28.374231,-9.363221,14.5109625,-4.2694535,11.870008,-16.039183,12.117885,-16.081953,2.3608212,-8.121184,-1.4349427,-0.94194907,0.8197291,metal
0.5108508,0.23063754,2699.980049142347,2240.17995020246,5157.935477336494,0.17150160845588236,8.792971,82.823204,-30.564281,66.71608,-16.359282,16.568218,-10.763799,29.540407,-25.089777,16.82193,-11.392602,12.785898,-13.347067,9.802605,-14.256784,9.601153,-8.031879,5.187306,-2.9506986,4.4044576,metal
0.37923387,0.15433325,2099.3502081908823,2062.5313354447185,4450.38142248573,0.08829727409055728,-99.779655,102.12207,-23.655642,63.082623,-8.785433,30.73993,-9.646097,14.164797,0.37265798,13.223106,-10.096966,9.193241,-4.932152,2.3094263,-7.185385,-1.0914277,-4.9282236,6.3270726,-5.0554013,-9.303229,metal
0.4483327,0.24473605,2068.6843930292544,2199.3695655238575,4439.356489151993,0.08889326443982198,-40.462826,105.28377,-14.121417,54.854095,-1.1847309,20.078169,-11.686578,22.177694,-10.237687,14.195449,-6.9125757,13.345138,-9.254659,6.9356537,-4.3940725,7.8038287,-7.6232224,0.6606206,-3.9646733,-0.0010207327,metal
0.5244218,0.21750559,2980.160116271462,2297.4092335076393,5461.808639857053,0.19402490385545665,10.011061,74.12018,-32.23159,62.77234,-23.324919,30.028404,-14.87624,20.15313,-12.141147,19.180307,-14.977436,18.800047,-12.278636,11.281031,-9.482023,7.92427,-5.6097236,4.656139,-5.2802186,6.8260856,metal
0.3698008,0.19878227,2218.499205435564,2226.12293771312,4779.587765153347,0.10698310214299536,-45.843933,108.01374,-11.740544,66.32776,-30.207605,9.2367,-25.772972,21.87735,-17.929054,10.275843,-14.119918,18.74677,-14.2388315,-2.2378867,-5.778147,-5.86499,-2.5429692,1.4795744,-5.6163626,-2.8201234,metal
0.43396318,0.0504414,3237.576392654718,2573.2144093958636,6229.395665029992,0.1981254081607972,-140.7783,55.923157,-12.291191,44.319008,-10.604769,10.867444,-0.953334,22.243965,-9.378979,15.246445,-3.064142,9.072361,-8.798301,8.746224,-12.113971,5.5503263,-12.49319,6.3504667,-3.8611655,4.7257943,metal
0.45595163,0.26598838,1443.9436096106108,1726.935516744757,3286.646792763158,0.046570013182082044,-90.7047,128.03145,-34.762016,73.75541,4.335821,28.097118,-0.52838284,17.356289,4.3896914,12.314993,2.2703798,5.6799507,-6.768424,-0.47747603,-0.28473422,5.875542,-3.9548364,-1.2923454,3.5097082,-1.2530527,metal
0.48021376,0.2567308,2029.838779673465,1929.5737681834808,4223.366128549487,0.10000733177728328,-35.73135,115.46691,-40.631664,75.38112,-12.54545,21.839254,1.8210301,15.605562,-0.17317106,10.234973,-11.762731,15.405224,-12.471008,4.6235495,-2.4706268,-1.6684325,-0.3332338,-7.7724247,0.9960805,-4.1807895,metal
0.4749444,0.1650778,2398.412461241184,2218.776789877403,4866.8372375677245,0.12830912587074303,-36.462593,94.7967,-36.61026,55.001995,-8.23886,29.6873,-13.684501,28.724905,-11.995235,19.366922,-15.665719,13.938667,-11.981068,7.5400558,-11.918596,5.480809,-9.272307,6.1842523,-4.301317,1.8341248,metal
0.47700426,0.22445607,2889.2745891447994,2337.500799495277,5485.266831341912,0.17660928732101394,9.6126,76.345825,-31.275438,56.887753,-20.73966,27.254444,-16.64428,19.372137,-13.922549,19.66951,-16.064049,17.490236,-12.959961,11.716284,-11.183552,5.478863,-8.587833,4.1037006,-4.4196367,8.829624,metal
0.52547175,0.108446255,3046.7299311449274,2324.3903702115454,5735.348652464687,0.19161335381191952,-76.28286,61.76296,-37.11275,62.440014,-14.831243,34.567806,-11.487005,30.963097,-12.278124,22.313232,-7.5111165,17.84716,-11.126256,10.237992,-10.79403,5.1591573,-7.7248073,2.5857315,-3.0912774,2.6671665,metal
0.51017773,0.20699105,3114.329793935282,2411.5957201103206,5830.064746396091,0.19579171101006193,1.1746392,66.64868,-23.702898,60.944363,-18.885223,29.745417,-17.54929,21.030996,-11.191259,18.808363,-13.065931,19.950945,-10.563495,10.513773,-9.336369,8.415618,-6.657996,5.0049186,-6.4743004,7.6110287,metal
0.46657756,0.05838335,2964.5694774912263,2758.3968686086223,6187.337586016109,0.14055924076044893,-149.98433,67.907,-6.688849,32.084488,6.079799,12.23563,9.134746,10.182918,3.7711072,10.5964,0.77275234,7.715686,-1.1583728,-3.3025773,-7.533149,0.417511,-4.005859,1.2608817,1.4787949,5.4820046,metal
0.45689827,0.097560614,2269.195809921602,1928.8258972738681,4186.549684506821,0.13738125544214397,-100.42865,104.687256,-57.258133,56.590782,-5.536772,22.836327,-6.167542,23.090935,-19.069185,17.792307,-13.767805,9.958693,-14.848814,0.34489328,-7.325636,6.975784,-12.664745,-0.55820084,-11.753995,-1.5418627,metal
0.46307755,0.09832205,2302.7150351085147,2069.410699884745,4598.97219064435,0.13075015419407895,-99.92597,106.37655,-40.69357,52.71699,-20.752645,25.27852,-11.834835,22.090797,-12.473096,13.774301,-14.384913,15.974961,-11.724976,5.771152,-9.157405,3.6455302,-8.888176,2.3828776,-3.6879456,0.15609987,metal
0.517647,0.19039944,2138.240246747415,1970.6705014339861,4201.149596223152,0.12199056997387771,-19.135782,118.842636,-52.17038,42.712044,-21.5773,27.695185,-14.619275,27.023912,-17.138735,18.976408,-10.7708235,9.391384,-4.661057,1.0903944,-5.0440936,4.053996,-6.4196777,1.9957585,-5.5044045,0.45868403,metal
0.4146484,0.048858766,2742.97005055359,2450.8153919409297,5626.015980251064,0.14287668706462847,-197.24268,74.135826,-10.732933,54.71928,-7.598918,18.415985,-18.87797,11.601353,-14.568,18.417076,-16.47915,12.569827,-10.470821,12.355381,-6.258788,10.49567,-7.0594673,3.7297087,-3.2354376,0.6581133,metal
0.44092262,0.08899233,2955.2644930453703,2478.4332031027843,5928.739149725474,0.16334179385158668,-103.658356,73.83583,-16.127468,53.154728,-25.099674,33.991577,-13.64172,25.99047,-18.906933,18.668743,-12.777742,9.545628,-16.148779,8.769025,-12.545799,5.3656545,-8.112324,6.666352,-4.495366,2.9296625,metal
0.5338852,0.2398198,2716.8331745213422,2208.6739200618445,5122.777356599507,0.16221897373258515,4.007582,83.274345,-37.258846,62.334545,-14.855901,23.4053,-10.465683,16.790583,-7.948404,16.296947,-11.256231,13.319224,-7.8180056,6.4232225,-5.4770117,4.6754127,-5.1417103,3.0196278,-2.7726495,3.814351,metal
0.5335914,0.26945254,2815.480455068502,2548.1294283251427,5898.380999963719,0.13186541577979877,-1.6504892,73.40673,-15.8976755,55.80285,-1.9217749,34.024567,-8.33632,32.767876,-9.721336,20.836998,-9.041395,13.956027,-9.598967,4.9651403,-6.625369,6.4814954,-6.449592,2.232519,-3.0092115,1.9899173,metal
0.4572302,0.20863253,2340.756058449333,2140.301219248905,4715.921483467976,0.1229134668875774,-29.364521,101.90519,-29.13861,69.73786,-16.19941,19.447557,-18.348463,19.076456,-18.29892,15.284218,-8.25647,2.4973133,-14.802311,4.6135955,-12.252426,5.274203,-10.689712,6.4197154,-6.4118514,-7.0120506,metal
0.4310416,0.21744712,2908.260266485554,2286.246871539177,5405.6423128204815,0.17811948227070434,-1.9254096,72.69556,-32.789642,63.592033,-18.557953,25.872955,-13.854105,18.064384,-11.945405,19.657589,-13.961472,18.737661,-11.190176,7.9533334,-10.283533,5.310403,-9.02578,4.31532,-5.6433816,8.72526,metal
0.438512,0.09044781,2683.329925042629,2126.7478903554274,4972.6949307940695,0.17731298676954335,-110.87449,83.18676,-45.257427,56.596424,-7.4923544,19.979755,-13.402861,21.218973,-15.719742,18.087412,-18.12701,12.930389,-17.24171,3.3319178,-7.5791407,5.86779,-7.9494267,6.8205414,-5.6727304,1.3515623,metal
0.4676862,0.18227965,2442.6700033077755,2102.9788876670614,4728.971404556889,0.14985396913699692,-15.622626,99.13169,-45.62269,55.021473,-18.016518,23.890497,-19.60334,27.33491,-15.09996,18.792261,-16.151484,9.215639,-16.218185,5.4411426,-4.656042,6.2786536,-4.7012253,7.445222,-5.8759623,-0.694006,metal
0.48040015,0.22978404,2522.6734734695337,2276.0092934078225,5089.835889125387,0.13858495186726005,0.2972945,94.16096,-32.3892,45.457832,-15.206419,25.888224,-12.4076,19.625692,-6.809362,17.237936,-12.993833,13.681172,-8.694562,6.838666,-8.357132,4.982168,-4.341176,4.7893076,-4.18103,2.548668,metal
0.4068882,0.09048659,2707.5423665716226,2235.0475160780124,5292.017999891157,0.16091248125483745,-104.686775,87.7357,-33.242126,48.456833,-28.924986,22.51373,-24.994108,20.534803,-12.0772085,18.25662,-15.190194,10.294038,-13.897688,10.2869,-4.6970425,9.943592,-5.6209707,4.7915606,-11.678111,2.9583414,metal
0.4410491,0.1519097,2647.051996452653,2256.5629950023,5304.93458845298,0.15778135884287925,-46.61735,86.81588,-34.77483,49.901302,-18.18641,28.723978,-23.486286,15.659389,-8.936177,10.598558,-18.183575,12.44495,-13.5549555,4.6712093,-11.670172,5.3254375,-13.545012,1.3799641,-4.724109,-3.1248205,metal
0.4301721,0.08803666,2389.4350405557316,2027.283197639479,4448.281435184065,0.1442818184017028,-135.51764,93.37061,-43.314274,59.227753,-8.516591,20.944653,-6.532813,21.889864,-18.970129,17.050318,-15.884874,11.082776,-18.488878,-0.8268391,-5.6172285,4.6652646,-8.734545,2.1139965,-8.564518,0.2105178,metal
0.51853174,0.18819803,2493.9383740127623,2286.39257382821,5105.485794492551,0.12823996529121517,-51.58416,86.15932,-20.282682,59.05158,-10.889933,27.533499,-11.25417,23.941713,-11.55746,13.293803,-9.016418,13.907334,-10.740367,8.386071,-7.0909276,8.215173,-6.1754866,3.8028123,-1.9112829,0.8906281,metal
0.49709386,0.13986295,2848.182022368144,2497.656043493818,5930.589138538845,0.14412119956946595,-73.5308,74.63624,-16.441614,55.65842,-7.7358336,36.544735,-18.304745,27.83494,-11.930488,20.062954,-11.3560505,14.714355,-7.291871,9.606172,-6.7524443,7.8925443,-3.5827727,2.6660872,-5.102821,3.0479593,metal
0.5272757,0.19530222,2576.107537052409,2237.1069520691894,5058.119414243904,0.13178756288699692,-43.716743,82.74609,-29.634932,70.41971,-21.612555,31.16526,2.078946,28.88349,-2.6835513,19.90194,-6.94059,19.136198,-7.3723598,7.891116,-13.863939,4.059308,-6.876037,-1.796184,1.4668615,4.5396914,metal
0.4655108,0.10044173,2384.812609828754,2073.302486019001,4585.038941563467,0.12610316793246903,-120.12781,91.287674,-38.79496,75.003784,-3.8060122,22.66649,-8.123723,23.654572,-14.638494,13.365054,-9.405638,13.706509,-9.314506,3.5835803,-11.857463,1.0247244,-10.71396,-3.2415028,-3.4665036,-4.5768423,metal
0.42686749,0.14660068,2141.760929048819,2217.392132662726,4682.913349730312,0.08467824835526316,-93.4888,100.64778,-23.369589,52.49629,-7.7495103,39.58746,-7.775389,26.730106,-12.47786,11.733403,-10.556067,23.026804,-9.961858,4.154841,-12.798698,1.7885034,-2.0170672,1.9329492,-9.061234,-7.0535264,metal
0.42164207,0.13326412,1988.109763779383,1986.9871058028693,4148.1665832708495,0.09242007606907894,-129.72392,104.0453,-26.971245,68.268524,2.4256198,22.6046,-12.102456,17.058987,-5.673136,13.67059,-2.812467,5.3755264,-3.0072353,2.979386,-5.8305907,3.9462993,-5.997954,-1.9706925,2.3825233,-3.8564763,metal
0.44523817,0.19427228,2340.03096955969,2151.991170036022,4708.263196443257,0.11682733588912539,-35.211857,93.95566,-35.184963,62.78997,-11.732125,26.993427,-10.765924,24.075377,-13.050642,13.60035,-12.423315,13.567939,-12.253359,5.9238687,-11.990138,3.3103518,-11.968026,-1.3697476,-2.4044912,-2.6268039,metal
0.42996472,0.2933537,2642.032925778633,2461.1191861458697,5566.866337920859,0.12134280367163312,2.7658212,77.069046,-17.56217,57.969265,0.73400176,28.834631,-7.862347,27.62109,-13.553445,17.290192,-7.5781493,13.043514,-8.7474985,6.266199,-8.751729,5.6346803,-10.762565,1.7315353,-7.0443172,-1.6029282,metal
0.49589503,0.1172756,2658.2188462959766,2345.8279592545605,5358.7425964166505,0.152409131312887,-75.01831,81.17257,-20.199926,68.304726,-11.342598,23.670305,-19.834023,24.183437,-13.17737,22.286407,-11.556871,13.55321,-15.058013,3.3023586,-10.513962,5.075372,-10.686498,3.865929,-4.9448357,3.2599394,metal
0.43660563,0.09364971,2463.4494582050966,2037.300178784003,4547.580834734182,0.15180860584365324,-93.59135,89.89402,-55.902695,51.637325,-5.5583954,28.777815,-13.892873,27.350773,-15.316164,22.829412,-12.410712,9.704986,-19.730852,-0.7791882,-9.100343,12.41412,-5.453556,4.2386246,-10.8701935,-2.9501224,metal
0.438512,0.09044781,2683.329925042629,2126.7478903554274,4972.6949307940695,0.17731298676954335,-110.87449,83.18676,-45.257427,56.596424,-7.4923544,19.979755,-13.402861,21.218973,-15.719742,18.087412,-18.12701,12.930389,-17.24171,3.3319178,-7.5791407,5.86779,-7.9494267,6.8205414,-5.6727304,1.3515623,metal
0.42260268,0.1216955,2464.596757533147,2204.478598691696,4951.653391362713,0.13437825016931115,-79.627686,93.472885,-27.749144,64.06913,-18.807096,23.320395,-10.540274,13.356391,-17.53781,16.388517,-10.054387,8.941799,-16.081074,4.2871327,-14.799312,0.26462674,-8.2148485,3.420657,-3.7143924,-2.4369872,metal
0.49260238,0.22735067,2906.8537059020937,2374.6262223434837,5519.324958730408,0.17261573626160992,4.9403353,75.07085,-24.737082,57.01086,-21.78284,26.048834,-12.566024,17.441982,-10.24325,18.60554,-13.024872,18.953096,-9.702419,11.359748,-7.2705593,7.729152,-5.397445,3.4073253,-6.935816,6.544121,metal
0.60497457,0.11428379,2803.3032043751823,2183.2462667935056,5262.743176912007,0.17691276243227555,-64.107925,74.526,-45.968002,65.855095,-14.676304,23.849155,-13.777111,37.7623,-10.5878315,21.39044,-9.345858,17.91302,-10.791604,11.354604,-11.166747,8.709755,-8.963811,3.2297363,-5.7455215,2.4206758,metal
0.5132023,0.13158989,2378.3920475708815,2092.439556858862,4748.562952756143,0.1413173616486068,-57.683388,101.43233,-41.485245,55.130604,-23.349281,28.151098,-12.139105,18.150206,-15.429839,11.888646,-10.803695,9.394468,-12.284428,4.8094835,-12.406643,5.4261494,-8.844724,0.059280537,-3.1784737,-3.3618448,metal
0.4068882,0.09048659,2707.5423665716226,2235.0475160780124,5292.017999891157,0.16091248125483745,-104.686775,87.7357,-33.242126,48.456833,-28.924986,22.51373,-24.994108,20.534803,-12.0772085,18.25662,-15.190194,10.294038,-13.897688,10.2869,-4.6970425,9.943592,-5.6209707,4.7915606,-11.678111,2.9583414,metal
0.4958897,0.09692568,2792.6902805308296,2250.7753981057467,5321.717820300406,0.16254058932372292,-100.87205,76.131744,-29.540943,69.70769,-17.339684,21.392004,-12.921213,22.004934,-9.841375,18.424261,-12.037166,8.981179,-20.87426,-2.6910996,-9.629925,2.9316735,-7.5035863,0.53126854,-4.969363,-3.185105,metal
0.502444,0.2489358,2987.2017926625704,2408.7557346459994,5629.0576285253,0.17751366582817338,16.498144,71.17403,-22.343836,60.273594,-18.556435,27.622684,-12.409244,16.955912,-8.73399,17.861544,-13.475232,18.930727,-11.02466,9.911685,-7.375143,6.7355533,-5.955688,3.814929,-6.191192,7.169329,metal
0.6346607,0.06345061,3403.0755097954175,2825.0930369608777,6902.816592945772,0.19242362857972137,-107.12959,47.660187,-8.620709,38.398926,8.458259,9.54455,1.0175128,20.74903,0.71484923,11.783107,1.1646878,11.063399,-2.5293984,7.581268,-4.199112,7.0764894,-6.6205163,4.546639,-4.2624664,4.2896204,metal
0.4443258,0.09202425,2644.8797461791337,2268.0800473393033,5176.952029012674,0.14164653577302633,-104.97826,80.708664,-28.533833,66.800766,-20.704025,29.11902,-9.35572,22.353577,-12.043806,13.592495,-14.734194,11.049197,-15.269818,5.3051567,-14.498409,4.7487106,-11.454514,-0.11827206,-6.5025263,-2.6735795,metal
0.5092077,0.10460098,2709.5400662447228,2194.487062440739,5081.527606031105,0.16644079249709753,-74.11553,80.121895,-46.984425,51.01986,-9.13849,31.765636,-6.376151,24.85552,-19.142609,20.790123,-11.66921,13.848666,-16.474857,7.748831,-10.613852,7.4975505,-10.351634,4.983657,-8.210214,1.2308654,metal
0.4301721,0.08803666,2389.4350405557316,2027.283197639479,4448.281435184065,0.1442818184017028,-135.51764,93.37061,-43.314274,59.227753,-8.516591,20.944653,-6.532813,21.889864,-18.970129,17.050318,-15.884874,11.082776,-18.488878,-0.8268391,-5.6172285,4.6652646,-8.734545,2.1139965,-8.564518,0.2105178,metal
0.43421626,0.08828784,2629.0107378061284,2248.236150073976,5189.310287617309,0.15904401182759287,-96.30452,90.982155,-32.244606,54.340145,-23.049862,27.707537,-16.94906,21.061527,-18.193655,22.608337,-9.001288,14.274058,-11.000205,10.09328,-11.180352,5.7860246,-9.896402,4.3992176,-6.978398,1.2410426,metal
0.34193185,0.16628256,2090.4594584373685,2065.2601325757073,4393.290101042473,0.09332936762287151,-67.89626,108.934105,-33.84926,50.502457,-21.37301,21.500317,-14.890102,11.634111,-19.267107,10.5405245,-13.9223585,5.5628242,-14.43623,1.9926109,-14.666116,-3.0274582,-13.95539,-2.0799794,-9.063074,-7.546158,metal
0.5163209,0.170098,2375.5535392574902,2231.7505281706153,4898.312047243857,0.1080065275493421,-66.66679,88.36717,-27.544344,53.177704,-9.202259,27.959316,-8.114095,26.28682,-8.239136,12.685691,-7.130959,13.688374,-8.364938,7.9673624,-6.2975736,8.1210785,-4.9756446,6.1613216,0.36444476,2.6937666,metal
0.5169347,0.22617772,3401.339372945473,2458.6986699147983,6163.937727511851,0.2284702738003096,9.626444,54.66245,-21.025986,60.160816,-21.065937,32.14062,-15.82689,21.457956,-8.7181,19.355715,-12.387801,19.7435,-10.803765,12.307345,-8.376522,8.23457,-7.0850515,4.327324,-7.334388,6.0294046,metal
0.48777872,0.11609076,3274.344587423776,2722.3036471895907,6407.269589450706,0.18307976973684212,-52.93138,50.087288,-11.48575,46.351738,6.5509257,10.124288,5.479244,8.854688,5.942209,6.6225224,-4.0471754,9.770576,-3.1184916,3.657853,-6.5097322,1.0867522,-4.4839272,4.728173,-2.7538903,0.5066716,metal
0.54055494,0.12572911,2315.8697989887996,2066.663280190379,4616.630417200803,0.13954412974071206,-58.22193,105.824524,-43.90767,58.44157,-18.440866,27.96586,-17.969337,21.04812,-15.5502615,13.395051,-15.685904,9.364441,-15.323451,1.5323151,-5.9749947,2.0517447,-6.8151,4.210941,-3.4076552,1.7647102,metal
0.5809239,0.11375342,2656.165733706926,2337.227556587653,5325.867795206076,0.15877568389609134,-75.51752,81.91142,-22.08108,69.877,-11.7404375,25.740246,-18.518963,27.027706,-14.085998,22.13411,-12.107687,14.951657,-13.525078,5.8154836,-10.1545315,6.7811646,-10.487829,4.372528,-5.466019,2.9706345,metal
0.51906675,0.11219081,2685.8291745827923,2317.5266104972716,5331.467761343847,0.16050318667763158,-71.27534,82.33836,-30.17323,56.464294,-10.875071,26.82275,-15.808302,25.348274,-15.6305,17.76871,-13.055726,14.62801,-14.27504,9.547383,-10.368047,8.101743,-7.4639063,5.4308777,-4.4021816,3.0511732,metal
0.58136714,0.06947105,2939.529800244255,2522.7270587232188,5806.8482201165825,0.16837313153057276,-108.09749,65.77733,-20.841005,47.559597,0.85362965,8.991207,-3.2142587,20.978046,-10.34927,7.876448,-8.12647,12.045555,-9.155127,7.009258,-8.752737,5.7859507,-12.369431,3.4414153,-7.378526,4.8716197,metal
0.39583865,0.11197951,2292.510290744662,2149.265803381687,4819.912521315064,0.12365873826915634,-79.07527,106.81676,-38.75978,39.85445,-26.757378,32.46526,-15.021737,29.701921,-11.37107,13.770958,-14.502706,16.169477,-3.0626526,3.5663223,-17.280031,-2.1323614,-12.57326,-1.2415174,-1.2017146,9.030017,metal
0.55259246,0.07755839,2877.399022234635,2101.1766118449304,5198.36856617647,0.18530764742163314,-117.91971,65.44176,-51.43997,74.107025,-13.760528,25.753458,-13.138064,32.225914,-10.345248,21.713371,-7.802453,12.349829,-14.452733,5.7877173,-13.264057,4.5679374,-11.399253,-0.6668638,-4.573326,-0.21592273,metal
0.4696017,0.0953466,2760.342381683784,2242.7379917564763,5260.1848590484715,0.17124877551760836,-86.27024,76.75912,-42.356277,53.999104,-8.330258,29.407862,-7.90873,26.661465,-14.234941,18.466795,-17.955868,9.869916,-19.038649,6.477254,-8.355194,4.881691,-11.782924,1.6698993,-10.605783,-3.778695,metal
0.44094372,0.14909758,2741.086952229798,2302.147296184746,5409.3672902960525,0.15998467129450464,-42.029934,86.998,-27.519882,62.60779,-27.02055,32.348595,-18.955395,22.138983,-14.33114,19.516882,-10.970767,16.759539,-12.39556,10.520514,-6.721216,6.517083,-9.209883,6.571161,-5.786405,1.328835,metal
0.4325042,0.13275112,2198.5048742476088,2005.8773078800057,4446.356446824207,0.12839302559017027,-62.21819,115.20073,-42.81503,54.31106,-24.88396,20.133108,-21.639132,20.847036,-8.398698,20.328602,-10.731799,9.669684,-14.547389,6.9329376,-7.481359,5.9730835,-3.4757628,6.57429,-6.5773683,2.963385,metal
0.4876697,0.15017863,2751.926423435394,2205.63826949569,5234.401681622485,0.16671025420859134,-43.064682,75.397606,-47.840973,53.023735,-12.337867,36.873158,-8.287718,28.40454,-14.531336,22.106434,-7.355744,15.9753475,-13.140835,12.26316,-10.449836,5.9393973,-6.6831417,5.2796626,-2.3317916,3.593679,metal
0.43660563,0.09364971,2463.4494582050966,2037.300178784003,4547.580834734182,0.15180860584365324,-93.59135,89.89402,-55.902695,51.637325,-5.5583954,28.777815,-13.892873,27.350773,-15.316164,22.829412,-12.410712,9.704986,-19.730852,-0.7791882,-9.100343,12.41412,-5.453556,4.2386246,-10.8701935,-2.9501224,metal
0.46229288,0.23020585,1525.6954691515564,1868.4091444059852,3501.087162738245,0.051203016157120744,-77.454735,130.88896,-23.287468,61.996246,0.9075699,30.532892,-8.758489,19.443262,-2.227691,13.108554,-3.2997816,8.935825,-8.964678,-0.351304,-6.036298,-0.39818192,-6.7897754,-4.3958726,0.97613424,3.9791045,metal
0.38018358,0.11596696,2323.780312899506,2263.9213905015763,5018.994650825996,0.12008733129353716,-96.65607,101.72485,-16.84375,47.311695,-27.082909,28.275732,-17.200554,21.652473,-17.890528,7.018765,-14.618826,15.222268,-16.005714,3.4892597,-13.510424,0.34644347,-9.604606,2.9576113,-7.067703,-3.1289804,metal
0.5105759,0.13900022,2241.4549321413824,2115.725579999044,4490.681178798616,0.11576498403637771,-95.33911,92.06636,-28.061176,52.796284,-3.0189743,25.395771,-6.1359906,20.098091,-10.223874,12.41114,-8.270394,11.693287,-9.268384,2.8058436,-4.433478,5.498817,-6.280541,3.8303192,-0.4240155,4.660675,metal
0.47982642,0.11531483,2808.0046134374647,2407.491842048223,5674.13235596459,0.15380519241002322,-78.646675,80.88039,-24.589212,47.02528,-23.75068,27.423235,-17.429619,22.271526,-13.534699,21.57405,-11.1004925,15.586864,-9.705412,10.519356,-8.843406,6.2142015,-4.7677064,4.5312357,-3.4288983,3.1645637,metal
0.48765817,0.20718965,2718.481020565502,2270.645535830712,5227.210058442579,0.14377388496517027,-24.911848,77.54363,-30.417303,68.36967,-6.5246425,24.694502,-9.805858,19.518623,-11.461867,18.592081,-14.161357,14.448354,-5.920214,9.08153,-7.698091,5.832566,-6.617128,2.292533,-7.4986577,5.75931,metal
0.5092077,0.10460098,2709.5400662447228,2194.487062440739,5081.527606031105,0.16644079249709753,-74.11553,80.121895,-46.984425,51.01986,-9.13849,31.765636,-6.376151,24.85552,-19.142609,20.790123,-11.66921,13.848666,-16.474857,7.748831,-10.613852,7.4975505,-10.351634,4.983657,-8.210214,1.2308654,metal
0.4696017,0.0953466,2760.342381683784,2242.7379917564763,5260.1848590484715,0.17124877551760836,-86.27024,76.75912,-42.356277,53.999104,-8.330258,29.407862,-7.90873,26.661465,-14.234941,18.466795,-17.955868,9.869916,-19.038649,6.477254,-8.355194,4.881691,-11.782924,1.6698993,-10.605783,-3.778695,metal
0.45407566,0.17355335,1741.2304486143773,2098.6378220486495,4110.21681274792,0.05379181380611455,-111.631966,111.15152,-10.673632,69.67506,-4.9124274,29.834528,-10.388692,21.257767,-6.639108,20.084322,-7.2340517,16.228865,-10.11801,5.3171024,-3.5098677,1.361894,-4.7046027,5.637869,1.5145248,1.8745892,metal
0.45689827,0.097560614,2269.195809921602,1928.8258972738681,4186.549684506821,0.13738125544214397,-100.42865,104.687256,-57.258133,56.590782,-5.536772,22.836327,-6.167542,23.090935,-19.069185,17.792307,-13.767805,9.958693,-14.848814,0.34489328,-7.325636,6.975784,-12.664745,-0.55820084,-11.753995,-1.5418627,metal
0.46347606,0.24290091,3010.8123920844464,2386.8322619411997,5633.407602221604,0.17932884759578174,11.97404,69.42492,-23.266045,60.707638,-20.820644,25.098286,-16.195517,15.557082,-10.50349,18.778439,-13.387608,17.373083,-11.059947,10.266618,-8.716946,8.182579,-4.960778,5.4207973,-5.4961905,9.081053,metal
0.51678914,0.26716456,3338.669549044171,2697.0449706569257,6670.7596628289475,0.18681330725135448,22.813816,60.81909,-6.4107723,53.192284,-13.250526,27.924463,-14.319424,29.69412,-17.342934,20.313677,-9.74616,17.133959,-8.265368,8.699248,-10.187819,8.035243,-8.118926,4.918069,-2.4821684,3.202051,metal
0.5270196,0.31272745,2250.8905487248117,2390.116465478657,5112.4440857500485,0.09467932166698917,3.6422358,104.752106,-0.82264394,55.941105,-29.222486,31.255445,-14.195287,20.202589,-8.280901,15.181638,-14.587307,15.663606,-12.990428,15.283536,-6.9285975,9.860408,-6.5021143,4.9016953,-0.7759706,6.457592,metal
0.47693357,0.09726957,2922.908394647605,2620.8528873384016,6036.988495156492,0.15290156975619196,-80.147285,64.84362,-15.4656,46.839314,7.9110208,21.762014,-2.1760786,21.986689,-7.7126274,11.144746,-4.2870846,11.442518,-10.365105,11.727381,-7.0957046,5.931137,-9.025644,5.5059447,-6.201168,3.1252627,metal
0.48254916,0.21233073,2795.6746741322545,2321.7588424214873,5455.575344215606,0.16373219209558823,0.3734984,79.70633,-30.638968,61.07577,-17.464642,26.695745,-21.258287,22.35319,-13.023764,17.867393,-13.381073,19.257633,-10.976208,10.706492,-9.433651,7.6600823,-8.689539,3.1708345,-6.828639,3.8781004,metal
0.47059825,0.14581424,2690.651414951033,2118.4679544008673,5088.035900009675,0.14832790126741485,-122.234886,62.287914,-34.47575,75.653,6.2773786,22.03109,-10.958644,23.23548,-12.28494,5.612534,-6.983781,5.616976,-14.398442,-0.47629985,-11.284502,2.1349802,-7.712521,-2.723755,0.87296957,-5.324056,metal
0.46137363,0.18442486,2459.3807747248898,2221.3829014466087,5024.202952665441,0.1428422957381966,-15.687384,100.098274,-37.590458,45.971,-20.773737,25.637003,-18.64387,26.516623,-20.163168,21.12962,-13.649132,10.978787,-15.535991,3.6814191,-7.7146077,3.9337337,-8.121839,6.9547644,-2.0548253,3.9079604,metal
0.4990352,0.23245998,3108.6767565401215,2361.285861644137,5699.065538530379,0.19692586892898606,10.467681,63.71505,-28.434465,62.601223,-19.60104,28.82345,-15.230559,19.297329,-10.699568,18.85649,-12.712319,18.030092,-10.830203,12.705911,-6.1213303,9.256769,-7.1439447,4.640529,-6.5071793,7.859061,metal
0.46914718,0.13624883,2254.451747982022,2070.908728642475,4381.173507643189,0.12015875943304953,-82.50126,97.34412,-34.37359,71.40593,-3.283182,17.367373,-9.023831,16.011179,-19.003857,12.07876,-9.568192,13.949616,-14.460563,7.954933,-7.123618,5.177264,-7.2045436,0.6676059,-4.8388996,-2.1070085,metal
0.6362048,0.086293176,3047.8529556987282,2303.5609515672522,5735.965315402476,0.20360421101006193,-84.90264,64.63974,-36.326134,65.39542,-13.867815,22.872536,-15.565662,36.293034,-13.677166,21.259466,-9.251361,19.171608,-10.607493,12.314615,-9.792946,10.552154,-9.910699,5.051336,-5.3423686,3.8016188,metal
0.4849302,0.11093488,2986.823467315232,2458.9986179482075,5818.289817597475,0.16926541638448142,-76.78499,68.003494,-11.247028,76.363235,-17.476347,25.336971,-17.90031,20.368677,-21.420486,14.217724,-15.768945,12.524236,-18.507431,10.831445,-13.703334,4.864303,-11.980358,1.6491069,-7.6452994,2.22552,metal
0.43656766,0.13647573,2502.5342481859757,2133.931627896007,4761.48787460091,0.14816085768188855,-61.907036,93.03637,-39.96771,56.147964,-19.685198,23.381887,-7.6440945,17.719402,-19.306637,17.783297,-13.095865,14.301978,-13.079708,5.4478655,-10.795583,3.7329981,-10.746841,1.2737476,-4.6123557,0.33479106,metal
0.44622394,0.22038391,2566.910608201603,2408.6174998051465,5444.5504108818695,0.12520937137190402,-12.502529,91.33017,-23.079098,50.981163,-12.106396,30.916203,-15.001932,23.06173,-14.281172,23.065374,-17.684673,13.16198,-15.200901,3.940259,-9.093104,5.543547,-9.840606,5.6275387,-7.0400934,1.4170793,metal
0.4812479,0.1440742,2789.300841643996,2247.55273231388,5345.842674420714,0.17996187475812694,-28.089987,84.033875,-43.71616,47.99098,-22.45509,19.917408,-25.18115,24.802288,-13.120749,24.669502,-16.419373,17.564196,-15.417398,8.639938,-9.952718,7.071071,-9.484701,8.427125,-3.5489006,2.623477,metal
0.4918863,0.18607971,1983.2971581753839,2112.1199113500784,4241.324353291892,0.08620620585816563,-82.15793,98.29185,-16.522,68.44801,1.4452645,29.869274,-5.275089,24.399492,-10.475003,14.404365,-7.89216,10.020229,-8.503235,6.668705,-6.2979283,4.4357805,-7.250672,2.3266811,4.245736,1.1033671,metal
0.48351958,0.040842734,2723.644292308425,2399.629391000356,5495.000105819466,0.13497272881191952,-201.1704,76.82515,-14.830626,68.75314,-12.95295,36.95549,-10.98254,23.685738,-12.256573,16.672419,-11.068587,15.556435,-11.18457,10.567686,-3.8928812,7.0718303,-9.825484,2.6551464,-9.00015,-2.2275782,metal
0.52922803,0.18551446,2445.203639101959,2330.736927615811,5191.393608353086,0.12103592722039473,-35.348392,94.13724,-24.24974,43.3057,-16.374916,29.515818,-5.8528547,28.461887,-13.956537,13.738647,-9.20102,15.596586,-8.491607,11.409294,-6.1395054,9.319452,-6.614794,3.5066879,-3.2864223,3.667304,metal
0.5555221,0.11838973,2291.2788294344687,1583.4318016750549,3884.9098418150156,0.1803178816756966,-76.37207,123.29144,-89.89615,76.445564,-21.269104,22.295795,-13.649998,14.647887,-6.3204403,9.922282,-3.9226856,5.39859,-2.4885094,5.038358,-2.9841628,5.1122417,-4.3798866,-1.2859,3.085048,0.17664516,metal
0.5020534,0.2696991,2743.3971145568185,2140.557521316081,5129.2856505780765,0.17962174076044893,26.693075,79.7964,-52.05575,51.320683,-16.361847,22.011913,-17.46108,30.925192,-15.979048,16.127386,-12.196157,11.303884,-12.44661,5.206543,-7.687124,10.177714,-9.720838,-1.6887623,-7.5994143,-3.9297826,metal
0.47880808,0.23138711,2410.986411509785,2227.7060388833856,4950.420065487132,0.12833369110390866,-16.706278,94.11414,-32.7863,61.490444,-10.10155,34.223568,-11.971185,28.200222,-15.321425,19.325449,-8.278706,17.934834,-7.4556465,12.818329,-6.1901627,6.381686,-6.8941064,4.455629,-4.1618013,4.2254457,metal
0.5016604,0.27074897,2836.947977795833,2339.3457327787883,5615.124379444417,0.1628051379885836,13.472155,78.02858,-32.999123,55.550117,-9.963229,35.417408,-17.641218,29.057076,-11.254931,14.004886,-10.102363,16.52735,-8.494954,5.9217753,-11.878571,6.4486413,-11.164233,-0.19770166,-2.188119,1.387714,metal
0.34084368,0.18744317,3141.655140286262,3230.4022459601906,7237.0312386622,0.131055518938661,-59.58959,77.30938,26.367235,3.1743205,6.7570424,-0.064254194,-0.6247924,-0.6904834,4.1419597,-0.44033718,-4.5419564,-3.5614958,-2.203065,-3.5575008,0.261794,-4.672631,-4.604198,-3.7405696,-1.385197,-0.84536743,pop
0.451712,0.24089603,3236.3834897605984,2953.665320076075,6698.901159327835,0.16482477808146284,4.804322,64.50391,-2.5012724,10.419498,3.2420893,7.8209686,3.1015673,1.4055258,6.7450037,4.8848324,3.2736435,1.7477714,3.3316636,2.3504844,1.4266739,-0.60548866,-2.1835036,-1.6002755,-0.61104494,-4.051369,pop
0.37972975,0.22344245,3002.6169823427717,2972.7827670259026,6445.919355740857,0.14374780802534828,-37.071033,68.841866,10.511309,23.959778,15.370538,3.547914,11.677659,2.9124515,2.5459216,4.7503414,-1.5888675,2.566466,-1.0170679,-1.6613679,0.489345,-2.8281736,-3.4125829,-4.1028423,-4.214856,1.1007029,pop
0.22562957,0.055772327,2200.799680588226,2579.825496215232,4627.663683817483,0.08712532350522446,-240.68593,97.10967,0.40661895,-0.26895487,-10.478994,-15.741314,1.3906447,-17.873806,-9.089089,-8.767288,-14.260694,-5.5017834,-8.3689575,-9.316447,-3.1734805,1.7531857,1.5742664,5.6221423,4.9669237,3.7379048,pop
0.33309838,0.19856702,2806.432725529733,2857.788083353668,6102.421432825803,0.12854835344910992,-42.268806,82.17975,-2.2469733,19.916233,13.862178,0.8657801,7.92098,-0.7182553,6.8773565,-1.9071585,-4.6875606,-3.1641939,-2.9416704,3.6025875,-0.07809382,1.5862795,0.84904456,-1.2324399,2.5389125,0.7802422,pop
0.33993873,0.16742225,2940.0005210928985,2629.4641540033667,5750.6902263629545,0.14575422068498453,-87.7235,64.30925,-12.976588,16.032646,0.4861661,0.40709487,4.431545,-2.7237477,-0.3093247,-0.049745068,-5.929299,-4.269969,-3.5097022,-4.6309357,-4.0938272,-3.3208752,0.21073729,2.7040026,2.4902892,0.21650171,pop
0.35314766,0.19408727,3603.429553551326,3334.0083043535483,7959.451870283475,0.14755995428599072,-44.723255,55.059223,27.137184,19.50298,14.696994,3.2040474,5.5095296,1.4237081,4.4969788,1.3679073,-1.6663121,-3.534417,-7.9148335,-3.532205,-8.198315,-3.392684,-2.6661007,4.283488,1.3531154,-0.16799033,pop
0.52272147,0.32143492,3662.9266594641513,3276.4112530558,7776.786308170472,0.15600737108165635,-39.98735,35.583214,8.9385,15.082219,15.206814,10.572661,21.824984,10.004446,13.9735,16.55746,1.4647635,3.2635627,0.06211206,0.9717617,7.650401,7.642752,9.415578,6.587524,1.1903112,-0.6452359,pop
0.47344568,0.25419882,2703.2416682609646,2725.9617319867466,5776.106739339445,0.1032971833881579,-50.890965,68.042244,12.082594,36.31443,8.646879,19.502785,10.722351,12.312874,1.6614351,10.164873,4.8397875,1.6969053,2.731236,3.1664689,2.462058,1.4162688,1.0564288,1.8941798,2.2652884,2.4275951,pop
0.42290184,0.139912,2835.0593021892837,2731.7531718304963,5945.014051313371,0.13706266326431887,-69.00194,73.770004,-12.468982,9.536625,-0.045610268,12.718272,3.1650598,-0.084657654,2.5223582,2.8746753,-1.6729784,-3.025172,1.6149282,1.0892638,0.93438625,-0.41627294,-1.2382098,-0.75765777,-1.7046673,-1.0437559,pop
0.4260218,0.07802102,1997.9771683248648,2291.3767266632785,4139.38330304881,0.0880610699255031,-135.32312,107.81954,-13.443977,19.0207,8.798831,12.496944,1.0323985,11.318429,2.543213,1.2272974,-6.3917103,5.854486,2.88143,1.0215101,-1.7751945,-0.5023207,-1.0759587,-0.16349228,-0.8965706,-2.1383526,pop
0.38415253,0.27970567,3934.6043578715803,3509.582338482005,8525.24844898897,0.18717800648219815,-19.479713,51.92009,37.00408,13.116386,14.590095,3.2076254,15.297413,-0.77946484,7.2424235,10.39345,-0.37440053,6.2307696,-1.1885153,-2.1225436,-1.5674965,-0.76546293,0.032623857,2.8346598,0.82377,1.8658277,pop
0.40918562,0.17935272,3262.336283566903,3046.9965393068346,6827.983712116631,0.13586614744582043,-112.396,59.759735,14.483949,19.190075,15.127423,-3.2115037,6.1096096,-6.668194,1.4637219,-1.187687,-1.233045,-0.75874186,1.8843272,-0.69078666,-2.29969,-3.4926953,-3.891752,-3.3886583,-2.4311671,-2.089299,pop
0.29224333,0.19927946,1962.259860440553,2325.3182258713837,3821.2268935637576,0.0958112120259288,-76.91658,113.29569,-6.2193775,19.946253,15.115963,-3.289381,4.7895107,1.016931,2.292926,-0.011468373,-3.7627335,4.241214,2.28633,-2.9218853,4.519336,3.4273293,-0.5341387,-0.5602081,0.627745,-2.0107129,pop
0.46213287,0.20798877,3168.3771358678678,3341.5360777099304,7555.42098006966,0.1003391513883514,-62.043816,64.239815,29.874727,23.24483,16.247189,7.4384794,8.871021,6.4075446,7.3948216,3.0163872,1.4878422,2.975711,1.8600916,0.5432621,-0.33012378,0.8136626,1.2980133,1.1867974,0.8605457,0.09585127,pop
0.3605328,0.13814604,2765.6481348893653,3222.6973193873114,6873.341771175987,0.09601491449787151,-119.34646,85.943665,33.886936,9.992517,17.70141,0.51905245,9.565489,-5.299009,4.170094,8.122251,-7.9776344,1.5659164,-2.9331832,-1.6069088,-0.19922577,-2.4307656,1.2062731,5.8464403,1.6082757,7.58336,pop
0.46493727,0.1564599,4052.8886703211056,3426.219519828341,8382.25764696812,0.21071452326818885,-52.64915,47.782745,13.455158,2.213427,13.251046,9.133876,14.447656,0.87383723,9.459657,7.0040784,-0.69285774,1.7276204,8.49653,6.9274364,3.1864774,2.2743254,-0.8961154,2.0319855,2.2780228,3.4661899,pop
0.42336026,0.2598068,3671.2604882708424,3295.553788823971,7879.044023165393,0.16189735814144737,-8.531342,54.251755,20.96331,13.09908,9.721154,6.015052,10.720785,6.10212,0.69426435,5.0023856,-3.4498136,0.8725567,-1.9390472,-2.78498,-2.6762016,-3.3184636,1.7050132,-0.14683877,4.8484674,2.9080086,pop
0.42451915,0.2653083,3696.287748409418,3246.71775600717,7871.152404218266,0.1668300569611068,-8.406138,42.00488,8.297648,17.972025,14.039093,7.345697,5.725321,-1.8997345,4.6036773,2.0709264,-1.0726746,-0.6631826,-2.4345155,-1.4743019,-3.7601752,-1.6542798,-2.3765328,0.052154824,-0.9929895,-2.6045356,pop
0.47572708,0.24529977,3544.132839481264,3311.301496368,7780.519618928986,0.14281924221168732,-38.288414,47.802376,20.052776,23.84809,19.795454,13.665192,14.684335,4.5720963,7.7137055,8.956256,5.421003,1.1439084,1.0811883,4.386656,4.58409,2.5498772,-0.2459388,4.625784,3.0101743,-1.3092594,pop
0.4352955,0.14308856,2789.1243751604316,2795.4017589510063,6112.05470790804,0.12622977336493807,-53.123367,78.313446,2.246954,18.838303,3.8645911,2.5142798,-3.7991865,6.814705,-0.81020486,8.754906,-4.800525,-2.151995,1.2861207,-1.7439156,-1.9404191,-1.5876646,2.630396,2.4295576,4.024242,3.9174662,pop
0.38769463,0.1324763,3594.167118271268,3170.8583483099096,7634.353836106811,0.18523244001547987,-50.449287,56.41648,12.563282,11.288339,-2.739751,1.3628132,4.5399694,-0.9632137,2.2894216,2.7384727,-1.9891648,2.5949512,-4.0203376,0.68309605,-1.3967141,3.3251173,3.0287592,2.6311066,2.0771775,1.3595717,pop
0.41523498,0.24578635,3258.8665238179296,3144.2281341811336,7268.872712787829,0.1316624691611842,-20.228376,57.773457,16.777649,18.249578,8.958152,14.899967,2.6696358,3.7526221,1.1145035,1.8456721,-5.9808383,-3.6137552,-3.6554601,0.9081742,-0.4759977,-0.40367457,-4.619457,1.9671379,1.5699372,0.54384726,pop
0.3350296,0.1956684,2526.130442686517,2848.670626274591,5554.674744975087,0.10354207986648607,-73.367424,97.46429,16.87055,-0.57903767,7.180089,4.872417,0.7465056,-5.550017,0.9903748,4.9166174,-5.835444,-4.9214163,-0.030956399,-3.0463636,-0.15896805,-2.3810003,0.7234445,0.6828562,1.9683638,0.80376273,pop
0.40381122,0.19541194,2885.3303652171926,3009.780057474386,6430.294450222524,0.1213038772252322,-52.448246,74.022064,12.697417,24.500345,21.107903,1.904928,6.7965574,4.71996,8.40647,8.246997,-2.267655,-1.2025365,-2.67781,0.26133525,-1.0678636,-0.84624255,-1.2573467,-2.3307621,3.8170018,0.3045907,pop
0.43713656,0.1678202,3142.2532583222696,3001.708558953997,6825.458727384868,0.13644399731520898,-91.85374,56.674156,13.763752,15.050706,0.9011202,-4.079192,-0.22235452,0.5639135,-4.6007705,-2.6161902,-2.7612665,-3.0964158,1.7973816,-0.9524221,1.4047229,0.92358834,1.0776355,0.91471857,3.2946672,0.21995436,pop
0.31671932,0.12609246,1826.5420467927368,2294.444461991146,3796.335377412684,0.07464656298374613,-125.98142,117.33393,-0.072291985,10.211122,4.49017,2.1888666,-3.6360846,3.3763409,1.7375194,4.5511193,0.8427298,2.4246018,-3.1125748,-2.8374524,-6.1066375,-5.2675734,-1.8156683,-3.2187061,1.2653751,5.800691,pop
0.38971448,0.18582647,3422.09468148469,3409.811125578918,7953.293574188516,0.12676680715460525,-94.534294,55.66461,29.260527,27.047909,20.063942,1.1709082,12.953801,-0.7993098,8.872953,-0.67619556,-5.338357,2.2207077,-4.614716,-0.9826611,-1.4855211,3.13206,2.5117702,4.0958257,9.172982,4.736745,pop
0.3519286,0.037560895,1995.3281824967328,2425.0406811254434,4383.806825053212,0.07255095963138544,-273.28632,103.14759,8.722428,31.697704,12.511969,3.4922655,3.9396513,-0.1623023,-3.921683,3.2304423,-6.373685,-1.5361916,-3.2130475,-6.777504,-3.8153555,-6.2407227,-5.618338,-4.0159535,-2.3887515,-3.0845282,pop
0.3523111,0.19091529,3587.4721810924966,3336.2277931206263,7947.001945566467,0.1464783281733746,-47.05376,55.781757,27.617126,19.193428,15.186063,3.1757607,5.6275535,1.612115,4.1483684,1.6211525,-1.5870059,-3.0055182,-7.6369953,-3.8415294,-8.113686,-3.369737,-2.2721326,4.503091,1.4371148,-0.3833655,pop
0.39934102,0.21293947,3634.106563927481,3134.284751630451,7534.996103576093,0.18310584667666407,-26.93658,46.710373,8.7081785,8.604125,6.086184,12.425231,6.958877,2.506842,1.159301,7.25731,-3.1307192,1.2537663,3.838255,4.690354,1.713789,-0.9803975,-1.3044108,-2.691903,-1.2717874,-2.4849613,pop
0.36603385,0.19834772,3111.0610992009765,2992.1921120372886,6745.27587890625,0.15291026206946595,-18.854591,71.32852,-3.743232,-1.3965917,0.71034753,-1.0491369,-1.0524064,-0.24947143,0.62396383,0.4292991,-1.4892839,-1.0790832,2.4154282,1.2472486,0.971811,-3.5882304,0.8917519,-0.4962825,0.70836323,1.6725212,pop
0.38672364,0.1961825,3207.220332891123,3125.8917931551077,7019.807552184114,0.14158379994678794,-45.753624,65.276146,12.941988,14.516027,7.0181103,4.408519,6.6144423,3.298751,7.73677,4.059378,3.6551008,2.6030388,4.0553155,2.3974423,1.785438,-2.3755167,-1.3446788,-2.8704054,-0.84292006,-2.5974784,pop
0.41789016,0.215166,3213.5168358111127,3269.5960671771636,7423.94677507619,0.11886851780185759,-59.607136,62.98234,31.12206,16.92889,8.904489,10.815334,10.56176,5.165959,5.4082975,6.159945,2.2780192,4.254538,4.1256804,5.7277184,5.0610714,5.6710525,1.4182494,2.8187902,-1.4061422,-3.3785646,pop
0.45483547,0.15964586,3279.967331808209,3026.3931113810377,6953.21628818571,0.17281943873355263,-35.297348,61.247242,14.059667,28.661287,4.329987,-1.3499213,-0.7904129,5.1225405,5.3524,1.2215204,-7.2570734,-0.5168181,0.21715884,-1.2905803,-0.10900893,-1.2562847,-2.535811,0.57109964,1.5749444,-1.7193332,pop
0.3493465,0.19456434,2946.5774176287164,3051.63637253713,6656.151417829673,0.1212698638254644,-45.638737,74.70451,15.980231,14.800471,8.992414,8.204233,5.68635,5.2544937,5.3968096,2.4352229,0.7794391,1.1747063,-2.3591652,-2.9500177,-2.5942533,-2.703076,-1.5022324,1.5619367,1.6137365,-0.013135786,pop
0.4128694,0.2022946,2842.6607931089798,3039.1056726884412,6479.344153625677,0.12498941805340558,-71.61501,81.12124,16.355665,8.950536,13.818387,-0.73717254,12.522272,-0.63937056,3.043049,3.054754,-3.2121913,-1.3185768,-0.6402586,-4.006223,-0.9454737,1.9157289,3.5294616,5.9878035,6.090874,2.567977,pop
0.34944054,0.21037216,3419.3447490583962,3368.7113595438686,7789.061233945676,0.1308480372000774,-93.63922,59.69027,32.07738,13.127491,13.27032,-6.8693585,2.339028,-7.8879848,2.2946649,4.487584,-4.040567,2.6735637,-3.0863955,-5.756003,-1.5233753,-1.1896893,-3.0514128,-1.0875479,2.3892708,4.7670994,pop
0.27737415,0.17211172,2639.59187801044,2753.5605024541996,5626.524310510594,0.10700086469620743,-145.92575,62.53524,-23.114868,-18.786009,-14.782013,-28.421492,3.1344163,-24.940004,-13.637032,-4.60739,-24.383535,-15.806172,-17.45508,-11.709296,-8.264145,-13.850937,-9.910087,-11.985029,-5.0356164,-2.9024742,pop
0.3746232,0.09395813,2125.4079876587084,2673.9246329139587,4979.028225830834,0.06769535785119969,-169.15086,94.640785,24.504725,27.41387,11.641731,14.895841,4.234472,12.369025,10.702795,5.126413,-0.3423666,1.2547649,-4.1575894,-3.1358938,0.29853344,-3.551203,-2.817249,-5.760902,-5.2082133,-0.09840242,pop
0.34651315,0.16902655,3647.8594016331967,2886.6604007045057,7112.756990131579,0.205950001814048,-88.45125,34.33366,-11.282462,2.200408,-4.8584256,-6.127731,0.33107796,2.440188,-8.17747,5.6359863,-9.394409,-7.35954,-3.9459164,2.3768637,1.2362306,10.805466,9.384404,5.292024,-2.935119,-5.572682,pop
0.41207367,0.28261182,3194.1768682916545,3052.8892510243627,6993.782709552776,0.15937998863196595,24.466633,68.96242,-4.2113004,-1.0326179,5.249467,2.9858527,4.336798,4.287289,6.4226065,3.630785,0.11548251,-0.00023511762,2.0697718,1.5497289,3.9990156,2.8162687,2.1994698,1.5773796,-0.47220585,0.52484757,pop
0.4474077,0.19137336,3889.787116785757,3271.6627619560186,8057.209612489116,0.19104230662248453,-52.537975,37.49603,14.12139,18.180311,16.78277,5.958093,6.4324026,2.7082067,-0.44743854,3.2196102,-3.9284554,1.5937506,0.29058224,-0.1601175,-0.5063943,-1.5440645,2.073818,1.22488,4.5870175,1.6419147,pop
0.4873384,0.22711194,3271.2458605975758,2989.851208660016,6883.5083763665825,0.14535890939434984,-25.93534,60.872036,6.0719523,17.7172,5.13251,10.431291,2.4501178,4.924423,8.108929,3.8508592,-0.1861473,7.252811,4.9468403,0.9169612,-2.2947693,1.5526829,0.21936423,1.9272804,2.3685062,5.4342,pop
0.35475424,0.23414308,2988.85797981166,3143.032661235072,6919.399826002564,0.11157037599167957,-40.52484,73.47652,22.622723,12.355104,14.860799,8.946286,5.305813,9.025769,2.0851216,4.30385,-3.131462,1.8446423,2.0324936,1.3936074,4.12427,-0.35411483,-0.7509658,1.1585399,0.73731875,-0.043280337,pop
0.3698595,0.09215401,2246.9998668388666,2684.4523036223895,5155.910489581318,0.08601724252612229,-137.73312,100.24319,14.383045,15.403811,2.3205369,-1.0818114,-2.1069715,-1.6870853,-5.3112016,-1.7847022,1.7484086,-6.18354,-3.0364275,-9.783619,-6.6642985,-3.9666078,-10.177887,-2.970682,-3.5730906,-0.64770293,pop
0.35619187,0.17306519,2150.085229874043,2917.6059092800347,5224.360075676035,0.05165917364067337,-161.65414,85.566696,53.2755,32.217213,27.19544,11.300175,7.8961716,8.764694,1.2665908,13.211442,0.067589164,4.826747,3.1036131,2.3464162,3.6764767,-2.8747072,-2.6143231,-3.1520007,-1.1912893,-1.4712899,pop
0.47546217,0.25179002,3727.2488351836582,3223.867461789819,7633.178843211833,0.14478748427825078,-77.9419,32.364956,20.077261,27.633486,16.262774,5.319164,13.481541,3.5032272,7.3441443,5.271802,4.0011973,5.2712297,3.752625,0.7814799,0.40025985,-0.7132617,3.0644116,1.4034705,0.5459311,-1.9002221,pop
0.28238016,0.08329674,2053.894371276876,2559.593930825625,4508.014407320288,0.0753657574255031,-204.753,101.60512,26.384224,9.1857195,10.46093,5.108919,-9.447198,9.308317,-12.491376,-2.4966693,6.212447,-9.488957,-2.5600326,-9.048957,-10.187873,-4.044253,-7.7497854,-5.138517,-1.8299532,-4.416521,pop
0.33036473,0.1896258,2928.6503834649243,3201.0195484910073,6817.467109042424,0.10574085719814241,-106.83286,81.01405,47.822872,13.640558,13.000603,6.8951917,7.581348,-2.6333249,-2.4983125,1.8714978,-5.139433,-2.7431228,-3.667578,-7.882551,-4.8072104,-6.3778176,-7.399428,-4.7401648,-0.13400193,-2.3326783,pop
0.3869217,0.1961218,3206.199866093883,3126.2162445699487,7019.440887734617,0.14153920460042568,-45.717815,65.287415,12.934513,14.516594,7.038325,4.395021,6.6337786,3.3018985,7.7297864,4.0700355,3.6681185,2.6062715,4.049002,2.3892908,1.7840557,-2.3934216,-1.3437684,-2.8735754,-0.8461023,-2.5911922,pop
0.2981051,0.14298287,2489.577623717522,2941.99075457532,5977.07219079552,0.08429578657120743,-104.47532,86.85541,28.76275,26.635527,8.927457,5.6745653,7.75928,0.4663459,6.630064,6.5633125,0.37748364,2.1488523,-0.019937994,-0.3627295,1.3109479,1.3177944,1.9381652,1.226454,-0.124145836,0.8405376,pop
0.35769865,0.20310587,3070.6451711304394,2975.8591939206276,6652.968103745405,0.14873984133126936,-18.171194,72.29645,-4.867231,-0.35958087,1.6975718,-0.9182092,-1.322173,-0.34197298,0.647323,-0.1809802,-1.217511,-1.0574641,2.5195053,1.2472867,1.752371,-3.4429796,0.3945402,-0.8525016,0.92429996,1.6602957,pop
0.44544223,0.23102272,4037.153770826656,3342.3644138556137,8331.4746207128,0.21392576613293343,-34.209938,40.399307,17.510664,13.421472,13.240601,7.4492655,18.183458,2.7254276,4.3396277,5.8252974,-1.1257582,3.1106067,2.4149978,-2.0906534,-1.2851562,0.15344445,2.3362236,4.32972,2.1379223,2.9388885,pop
0.3934257,0.21067363,3759.8089732129138,3293.7281764334216,7855.135834401606,0.17767428466041021,-44.28743,51.32792,24.990486,12.160306,10.873075,7.612087,8.21147,-0.7733295,5.9467444,4.7616363,-2.5084329,1.3215402,-1.946599,-0.44633603,0.23645832,-2.0033765,-1.9639544,-1.0339817,0.5159019,-0.38595897,pop
0.40938666,0.18560503,3645.470694057959,3200.7208510864684,7658.53702320772,0.15924053369291796,-68.85472,40.457462,25.354527,35.768284,13.383128,2.8213696,12.759582,4.483545,3.3571875,10.026522,-2.3750987,2.9945147,-1.8024031,-3.3783832,-1.5463305,-1.6591522,-3.520382,1.3764956,2.0280375,1.5048238,pop
0.43150875,0.23498306,3510.9284752203253,3148.809837219885,7257.397782175164,0.17203410712558048,-42.68938,54.882027,17.06182,19.764542,6.85284,2.778191,11.820237,1.2058558,7.9387155,1.138253,-4.0712824,0.13736188,-4.2365713,-4.456481,-2.5122685,-2.891116,0.6187278,0.89942294,2.3103714,1.926104,pop
0.32325655,0.13953836,2290.0859207010612,2435.9183882963516,4748.004622798955,0.10678053345104489,-113.61813,90.014565,-5.5413437,25.595474,2.6011503,3.1922524,1.1311814,6.143719,2.7893808,-1.8761606,-7.119991,-3.4417925,-5.9110045,-4.3507504,-4.946461,-4.3801026,-3.3122668,-5.4329095,-0.570475,-2.180239,pop
0.34000403,0.25115368,3126.3938966039664,3162.6817626437364,6931.116421820579,0.10534554590750773,-59.09869,60.998295,27.750645,23.867935,12.298357,7.3722224,12.321168,7.1516914,13.415489,2.485732,-1.9674118,-2.4141195,-4.519557,3.4697356,2.0349872,3.7280085,2.4979267,1.2848574,3.1396015,1.6590123,pop
0.3945741,0.25645226,2944.4779985642813,3162.425540413327,6877.916743511755,0.1151153281008127,-44.214016,76.17582,22.921127,16.816143,22.998915,3.266593,6.908667,0.10313869,6.4956775,6.5420895,0.85448545,2.7243905,4.5169544,2.8543572,1.3195448,1.7970861,0.37682888,-1.1220287,-0.43784982,1.5700189,pop
0.45551935,0.22080922,2949.270014966028,2908.876601117744,6067.7883089142315,0.11195132606907894,-65.185455,65.47451,4.1277475,32.742474,16.918562,-5.8376946,14.960992,-0.24383578,9.038336,8.44127,-6.5761538,-4.4843636,-2.628058,3.454899,1.6005543,-0.6978751,3.2031765,1.0458928,-1.168135,-4.722195,pop
0.32964274,0.39785087,2468.498529319245,2625.1515768457407,5481.816852203464,0.09820877878289473,-6.92664,68.88019,3.7705872,28.195875,2.293225,13.625752,1.0469885,6.004647,2.750496,15.018393,-8.786578,0.7954421,-7.2196684,2.9244902,0.5617501,11.366313,11.479182,14.17094,-0.9239,0.8095099,pop
0.41005275,0.12935476,1837.191501891123,2067.0125708404385,3671.0694682118324,0.08535171367066563,-125.906784,126.61828,-23.186907,36.22425,20.962923,-1.1735237,16.486769,-3.6612227,6.520491,9.33727,-6.4096565,3.880195,-7.941658,2.0486922,-2.3359535,-1.4812032,4.7531238,-3.5139244,4.886851,-3.1990805,pop
0.4969614,0.21555631,2327.9956325128483,2516.8257860719295,4930.953516532024,0.09549942252805728,-30.211868,88.448524,-6.5870085,32.785645,8.50026,8.3887005,2.0425205,6.864184,3.5769942,2.7208421,1.2942764,3.2906075,1.5695498,2.3794365,2.5250056,1.0964289,-1.5795058,-0.26449084,0.1128519,0.4211168,pop
0.41408187,0.20836434,3046.2397998563833,3095.3865062358905,6630.418240101345,0.1186580126499613,-78.1925,65.99214,24.57852,25.652824,13.854882,3.600048,16.22554,0.592554,3.3257754,4.1604705,2.712696,3.649891,1.3959067,2.0099125,-1.8058224,-3.954484,-0.95099765,-1.0149827,-0.46333376,-0.7493813,pop
0.34565118,0.13348536,2518.6680120349943,2683.946956917925,5496.225098412104,0.10014338537635449,-111.61652,85.579094,3.5153577,16.357471,2.205945,5.980132,-5.0457573,-3.9625244,-0.096168734,1.5746027,-5.793351,-5.0871906,-0.20802855,-4.4117293,-0.7768347,1.5563339,0.36258024,0.57528263,-0.69262826,-1.8156011,pop
0.365705,0.3037274,3046.1865869262933,3306.415151404711,7384.438680642898,0.10639353654702012,-36.629185,73.09263,39.12304,20.328524,12.4935465,2.151913,11.737694,-2.4324152,6.6467233,3.182791,-5.3805714,-3.1493695,-5.775081,-7.682376,-7.605996,-6.8437,-6.1052237,-1.5670519,2.1235187,-1.5718985,pop
0.37741295,0.15791942,2682.713194799874,2924.230379942181,5957.288977088574,0.1019147276509288,-75.36613,83.334885,10.703896,14.455102,14.244523,7.4102573,5.279713,-0.4001257,5.7177567,3.361804,-2.5211022,-4.2270813,-1.8455223,-5.907954,-1.2724807,-3.7835546,-2.8646183,-0.9353354,-1.1115845,-2.7214706,pop
0.38877133,0.14658915,3490.329748964607,3205.8190593470636,7499.387985560178,0.15341592794601394,-97.00821,51.786003,18.738693,20.481667,5.6104527,3.5735025,5.5722904,0.7373948,7.3361278,1.6588528,-2.7012627,-0.44397447,-1.0818589,-3.45436,-2.4807756,-3.3093784,-2.2329965,-2.6434991,-2.74049,0.31153432,pop
0.43286315,0.24087685,3940.3499208914445,3361.504206090715,8259.450056235488,0.16739883659055727,-56.091187,36.46817,11.94532,-6.4417524,3.7781632,5.2841578,3.3947845,4.2650976,7.9939175,5.8644285,1.5971135,4.861391,0.49247718,2.506001,0.2759792,-2.5915582,-1.4281117,-1.8711603,-5.3898835,-4.313989,pop
0.45614526,0.22276354,3143.535196698567,3016.4276117711397,6689.351217075029,0.135637501814048,-47.93828,54.159214,-4.005042,21.512901,13.886649,6.003954,13.75534,1.0669996,6.722089,6.232228,1.6225088,0.45345965,2.4148383,-5.5971355,0.30466765,-1.0046959,0.6401351,1.258223,2.081017,3.0324848,pop
0.42664915,0.097890966,4225.564575455603,3404.2193029459822,8483.032037599169,0.22873671209849072,-113.1695,41.588142,21.516308,11.092117,17.440653,0.6074314,3.0293286,0.08450882,3.456981,0.2906403,0.61601543,1.2555637,2.8942459,-0.7695475,0.22040622,-1.4086615,-0.76046157,-0.8702321,-1.5392061,1.0672659,pop
0.3541164,0.24325013,2844.070407885239,3219.148147976031,6839.566975407556,0.09974656237906347,-63.635063,79.04566,42.744022,16.09554,15.268361,10.789148,13.3115835,3.6857295,4.928327,10.677057,-0.012671881,3.4803092,3.422094,-2.4508336,0.8506413,-5.120554,-4.2999787,-1.56403,-0.059282333,2.6619995,pop
0.44382367,0.19525385,2516.4589514571976,2465.640306694536,5087.48590333543,0.1220960115131579,-81.776,78.609276,-17.260935,24.511774,8.410556,2.1446185,5.5200157,1.9346678,8.799278,-0.12229679,0.4954399,4.6422744,2.3893166,5.5083528,0.6174306,-1.808122,2.3056874,7.846462,5.0109653,-3.3342338,pop
0.385887,0.16416128,2679.2839905691167,2661.8102808791496,5533.6998718072755,0.12593423471362228,-50.85386,80.22757,-9.293904,20.294153,12.106114,6.7842712,6.2796135,3.4291558,-3.9568377,2.5745726,-5.706396,0.4841114,-0.57195306,-0.5842753,-3.394357,-6.79263,-5.5263543,-1.6323348,-1.6056241,-1.5018033,pop
0.5185313,0.3293133,3672.6739422013616,3279.7424058326787,7783.686266447368,0.15406445010158668,-39.69138,33.951675,9.604388,16.657578,14.906164,11.198783,21.502829,9.886202,14.732352,15.628256,2.040395,2.579496,0.35728574,1.6512009,6.941174,8.237751,9.367546,6.9661984,1.496738,-1.1285765,pop
0.46697032,0.20417361,3510.042356894514,3310.2784279907473,7587.437453137094,0.13724822525638544,-125.53952,51.196964,38.517105,14.491697,16.232538,4.642958,12.308261,1.1730317,1.7245497,9.770825,-2.822416,2.07893,0.8530096,-0.50384986,1.3426534,-0.8620617,0.48488256,4.129414,1.749743,8.234592,pop
0.50439453,0.19348684,3502.139027387522,3026.937586569852,7199.581465115857,0.1870177655766254,-23.230112,53.819176,-0.69001114,14.726741,4.8718457,6.7305903,4.84588,4.9450917,4.2645216,3.1102583,2.549565,2.987948,4.6363297,2.8481328,2.1776066,1.0669054,-0.47156635,0.3890189,-1.1717294,0.54775625,pop
0.4547545,0.22333701,3124.14935420786,2970.2727587674012,6618.043314930825,0.14272098127902477,-42.779438,62.799675,4.7602077,24.068392,9.642162,-1.8881842,9.252786,-2.9691231,3.181562,5.934005,-4.77374,3.0194983,-1.2408001,-3.5244296,-0.32438836,-1.4424752,-1.8644706,-0.031904664,-0.7304687,-0.9891401,pop
0.41098088,0.20751022,3301.8647028211412,3175.6669505910377,7302.64750855626,0.14452671488003097,-40.830166,61.521126,9.867294,10.09655,8.454964,5.3668547,8.376651,3.5050008,8.251044,5.880059,-0.104238905,-0.5703609,0.5514452,-1.9820307,1.9155519,0.07612805,-1.270984,1.2328516,1.4938202,0.95021856,pop
0.25158858,0.08428382,1968.4064522146039,2326.80098776959,4127.166710254209,0.08234492913119196,-224.45636,107.30909,-1.5683268,13.870831,8.123953,-9.378748,8.120476,9.294034,9.09987,6.0252237,-6.6545024,2.0728164,6.2020764,8.3328,7.5784698,2.0672486,4.555452,1.2218052,-1.6407903,-3.716321,pop
0.37797874,0.18398008,1901.4116456876454,2421.1106771081168,4192.274649888738,0.06621728666795666,-111.13056,103.09619,10.90997,34.348927,22.34365,17.868383,6.8071404,6.3336835,5.488653,0.61881393,0.33940038,3.8250782,2.0442042,-5.5212603,1.2078166,0.39954302,0.33297715,1.6744769,-4.0542765,-6.40583,pop
0.41001043,0.20742075,3433.92215467519,3405.627632829895,7932.5853660748835,0.12773467734133126,-48.95815,62.637802,34.22583,12.313789,16.560747,8.622409,8.7671175,5.2450123,6.794241,9.059275,-4.0853252,-0.7463065,-0.37564674,-0.47257915,0.6466343,1.7050617,1.3546007,1.9141523,3.843488,1.603855,pop
0.47309405,0.24994287,3681.430351016257,3221.829158023403,7566.579245930486,0.14562421391253869,-80.39633,35.962517,20.407267,26.376535,17.379705,4.580236,13.489165,3.618757,7.324075,5.479913,3.9538543,5.3136964,3.534632,0.5135292,0.18830319,-1.1251196,3.5296657,1.4410527,0.47266528,-1.7977359,pop
0.40740538,0.24570654,3262.9124447410586,2930.999781412338,6714.734396919746,0.15505650759481424,-29.26039,53.86873,-1.700224,15.506247,1.0880837,0.5439647,4.9021416,-3.2225883,-1.6917725,2.2325523,-7.122959,-5.989492,-2.9803965,-3.7967627,-4.894909,-6.7240953,-0.4186526,-4.012817,4.3791423,4.46043,pop
0.4470191,0.21318002,4156.136801574854,3451.227813998198,8676.447534708785,0.23004509420955882,-14.170115,44.39024,12.680576,10.152087,11.259301,3.975896,12.507779,-2.1717224,10.70504,2.2852633,5.0335593,-0.86626536,3.8058703,1.6627513,1.5042862,-0.19028248,-1.0201591,4.782087,4.863109,3.0533204,pop
0.4127586,0.26218614,3702.928030369771,3431.802175141902,8073.092849778686,0.14947642039957432,-59.200985,45.285442,36.85824,15.68674,15.64339,1.674394,7.2945385,8.814742,5.826009,7.992021,-2.28285,1.8962289,-0.9197743,0.03975758,0.09380683,-0.82496893,5.583771,3.8282194,5.5861907,4.933342,pop
0.4807797,0.23445223,2569.255822724336,2559.52936247521,5351.900971120356,0.13165642233455882,9.675074,88.82607,-20.293682,5.1013055,-2.9178023,-0.18818103,0.32748196,1.6043211,-2.2592058,-0.94065094,-6.2122498,-2.9767897,-1.815184,-0.31959984,-1.3413134,-1.6791989,-0.18654184,1.7162682,-0.13248806,-3.9011393,pop
0.32267648,0.14744551,1987.8719219449235,2579.9699093585987,4265.424207563371,0.06614018962848298,-170.92265,105.92537,31.06065,22.226057,12.8146105,-5.1669703,11.2371025,-2.105472,-0.1724933,5.0788264,-11.54121,-3.6240706,1.3911012,-6.6363354,-2.4310417,-7.377177,-2.553613,-1.7130773,-6.1377354,5.067965,pop
0.4474077,0.19137336,3889.787116785757,3271.6627619560186,8057.209612489116,0.19104230662248453,-52.537975,37.49603,14.12139,18.180311,16.78277,5.958093,6.4324026,2.7082067,-0.44743854,3.2196102,-3.9284554,1.5937506,0.29058224,-0.1601175,-0.5063943,-1.5440645,2.073818,1.22488,4.5870175,1.6419147,pop
0.39040145,0.27360487,3498.3579746722603,3295.5183653344498,7664.611986473249,0.13602223115808823,-46.703014,55.877514,26.12021,16.543207,7.104528,-3.326687,9.25601,-0.87159336,8.313573,7.1481004,-0.538722,1.7517585,-1.8377473,5.1968327,-3.110544,-0.8630542,-3.8621142,-2.349484,-0.22604814,2.2205696,pop
0.43712428,0.22054978,3401.2336884828965,3070.3590067421464,7052.665686828802,0.16573822682856038,-47.681934,55.53719,19.178862,24.482964,4.039878,1.5440773,6.9665008,-1.0461183,3.082869,1.7952809,-3.0351193,1.9345393,-4.678551,-2.5212114,-0.8627602,-2.2868993,-1.691514,-3.232456,2.6129024,1.893048,pop
0.41501155,0.20336604,2838.0210737706198,3045.7558870993503,6485.7024485112715,0.12218028915924922,-72.17292,81.3121,16.72972,8.680574,14.163569,-1.0486612,12.839071,-0.5343491,3.1377692,3.152967,-3.4740803,-1.1388001,-0.6851626,-3.9981558,-1.0880301,1.7791659,3.4944952,5.9058094,6.3410254,2.4415288,pop
0.40059254,0.22182827,3267.580275537532,3014.383904612794,6921.308147796536,0.14652330144640094,-15.679176,59.269085,-1.5834023,12.570526,8.758746,3.9658687,2.0486033,4.2323008,4.9891324,2.901672,2.3270895,1.9943118,1.7193478,-1.5517668,-0.620159,0.29138076,-0.0029853373,2.7568064,2.2938929,0.056970034,pop
0.3766972,0.2108711,3130.9812160844167,2944.782384135563,6552.402045187935,0.15605347813467493,-25.156342,70.81893,2.9392476,7.5544667,1.4596193,2.846123,1.9075499,-6.8259797,0.291451,-1.9537078,-6.651636,-0.24398102,-0.75502783,-4.249934,-2.4407938,-5.681472,-1.5769209,0.6693617,1.6911362,0.78813845,pop
0.41231987,0.24811077,3487.4996203779583,3132.2284173757953,7444.24665232561,0.17974985789957432,13.536639,58.196358,-2.2051027,5.008136,8.070771,-0.47926486,4.1051793,2.2589247,4.2934737,3.5860925,-0.5052728,2.4214694,1.8804909,2.1731515,1.9396269,-0.17357263,-0.6167383,0.75454974,0.7356094,2.0239272,pop
0.4335399,0.21580054,3149.97113080032,3220.089949254964,7291.955906540247,0.12735523897058823,-45.06426,69.78576,11.866148,8.177109,12.603084,7.7502522,11.309999,0.25850755,9.65932,2.803888,3.8585238,-0.8353044,2.1194327,1.1247411,0.0074641462,0.7613851,-1.4808842,3.656361,4.4588923,4.1998005,pop
0.39040145,0.27360487,3498.3579746722603,3295.5183653344498,7664.611986473249,0.13602223115808823,-46.703014,55.877514,26.12021,16.543207,7.104528,-3.326687,9.25601,-0.87159336,8.313573,7.1481004,-0.538722,1.7517585,-1.8377473,5.1968327,-3.110544,-0.8630542,-3.8621142,-2.349484,-0.22604814,2.2205696,pop
0.43361694,0.2157003,3151.445800513278,3220.4070745387885,7293.239232113487,0.1275974899622678,-44.972015,69.765335,11.851115,8.137467,12.623071,7.7987556,11.3074,0.1917564,9.630409,2.8426688,3.8571951,-0.83266276,2.1378024,1.0925362,-0.06844649,0.64883524,-1.4783102,3.7229264,4.547461,4.2634854,pop
0.3843885,0.21116544,2753.2217697518786,2861.4105412456793,5986.188802335285,0.12376304602844428,-20.901945,83.24168,5.0469604,16.370789,9.402539,-0.56291825,4.0515137,6.209603,9.122196,5.8654475,-3.5055273,-0.63873315,-3.1722696,1.5466728,-0.91755396,-2.9599605,-1.3302047,-0.86938787,0.6923023,-1.7670423,pop
0.27205,0.110719286,2007.1841367892719,2111.065943270962,4137.408314991292,0.09403079951141641,-142.79092,103.11746,-15.232358,38.268044,-12.985988,2.749526,-1.6750333,-3.4322703,-4.4482594,-9.285495,-10.124066,-2.116807,-4.470916,-7.905639,-3.747282,0.5096161,-5.032232,0.30626714,1.5896964,1.2246901,reggae
0.41952103,0.18559653,2118.326028871004,2302.856387031626,4852.278992266109,0.07927087364551083,-76.04833,101.127174,-11.631933,46.232918,-11.2169285,31.394114,-9.462058,22.460752,-16.815594,15.975832,-9.508244,11.812327,-7.8450174,9.720803,-7.24749,6.17486,-8.610062,8.070505,-5.5852027,3.733009,reggae
0.37597787,0.12639175,2671.9431591250614,2716.8459265601514,5700.315530971846,0.11742559379837461,-93.515816,80.18166,-0.3042792,15.263566,4.3483276,9.056693,1.691839,2.5480187,-4.297323,1.0002486,-1.6963753,-2.9968734,2.2530196,-2.0940118,0.32576278,-4.3774824,-4.0438805,-3.1599917,-5.4167266,-2.1435902,reggae
0.36561716,0.13470538,2022.437501264683,2129.4475446132888,3834.176815257353,0.09566646611358359,-97.762924,108.83715,-24.923466,21.31974,12.549697,7.7659984,-3.3035848,3.5284224,0.68943715,4.1955223,-9.684725,4.261558,2.456917,-6.625021,-3.161061,-1.1035149,-4.8361936,-0.11613133,-7.434683,-7.7060375,reggae
0.42847756,0.1078041,2354.2710703063417,2335.857887101552,5048.41113961518,0.1202902779121517,-161.81602,78.712814,-19.275562,55.11339,13.201414,30.957823,-7.024675,24.269943,-12.8338585,21.512707,-13.528581,12.772056,-7.446732,12.766994,-3.3348732,9.13467,-7.7527356,0.6410754,-4.095522,0.5013714,reggae
0.38599995,0.09057761,1754.296876028464,2026.157906175875,3769.0188759251646,0.07391149562209752,-192.26953,116.49671,-10.948331,29.89508,-0.6437013,21.415995,-11.890397,18.631174,-13.072374,14.4536705,-7.3830013,4.824287,-2.8118987,3.1115596,-1.6245091,-2.396257,-6.515826,-1.4116217,-5.5347195,-2.5470505,reggae
0.42890927,0.103837006,1585.601293881055,2126.9648563718615,3736.244074109907,0.04367887420181889,-202.0222,111.094864,8.8768835,51.82644,1.2931902,30.043192,-4.5088873,22.452713,-7.1464844,11.500768,-4.7608557,10.600744,-2.6392014,9.013604,-4.359336,-0.041453265,-4.326357,0.6534738,-3.7452354,-6.1954646,reggae
0.39003792,0.15503213,2007.3726579716629,2120.5352413386854,4324.615516308291,0.09286754123935759,-88.0909,109.416725,-25.173023,40.403038,-8.781221,24.70951,-11.537563,18.499166,-8.29532,17.030207,-8.444005,9.802778,-12.900768,1.572019,-10.528801,-0.43553412,-7.793018,3.4446886,-4.978801,0.05896557,reggae
0.46035033,0.13106836,2955.9154393104704,2690.613294287067,5871.231164135062,0.12710883078560373,-104.88102,66.38382,-2.3053358,24.606276,8.414866,6.770361,1.6772858,5.181165,1.0552062,2.1988103,2.9562774,4.5823026,4.208453,3.097735,-1.4157375,0.22688983,1.0962344,-2.3245966,-2.8943222,-2.1844988,reggae
0.39499,0.11409616,1716.11172259999,2062.763193139658,3791.193741836784,0.06411563648897059,-209.72826,105.235115,2.5971072,34.906914,15.330768,25.211895,-6.0549397,18.222582,-5.0765166,8.924583,-0.9967094,8.245265,-4.0222335,4.7299547,-1.0536164,3.0564933,-4.592585,4.248057,-2.115655,-3.658219,reggae
0.5177376,0.08624027,1709.714456389325,2068.0062617750314,3837.6684608105165,0.06328759916795666,-242.5513,98.308784,-3.820775,46.032425,3.286849,29.200768,8.863109,26.982609,4.722849,13.119675,-0.63755774,12.055011,3.0041907,10.169962,-3.2666876,2.0364728,-3.5446398,0.9496662,-6.313107,-2.8599467,reggae
0.4259522,0.13965924,1803.5661063308744,1972.8008640329194,3777.985488371952,0.07796513702109133,-154.87811,110.041916,-18.44485,36.64433,0.5231621,31.586283,-10.428804,18.810907,-7.1827803,13.130121,-5.2511654,8.890392,-6.7183576,6.0094304,-2.800278,3.6374116,-2.2208917,5.303639,-6.5800433,-2.934986,reggae
0.3288784,0.09414241,2133.43713267984,2289.9243153801,4801.820964045569,0.09781082200561146,-159.47621,104.848114,-10.300141,34.656025,-4.9666257,26.805262,-21.953398,23.45208,-14.029752,19.586172,-8.298798,9.717497,-10.065848,1.4203498,-6.50298,1.0738475,-9.21135,3.2851348,-0.76430506,3.7620754,reggae
0.41626847,0.16214606,1629.473422777735,1578.5745901784658,3183.1557518926566,0.07962990397639319,-167.0121,116.64275,-44.19036,70.50381,2.3206995,16.017591,12.50335,4.1003537,5.3281407,4.525841,7.307662,7.587458,2.906153,1.4778138,1.1352504,-3.127623,-1.9610996,-1.0093393,-4.6560044,-4.9569874,reggae
0.40891767,0.15084101,3109.580608719877,2852.420966793385,6392.311346567822,0.12166630889609133,-141.76732,44.179897,21.71709,43.292015,21.74255,11.178964,3.543304,15.015565,-1.7441003,6.435994,6.9099855,0.7032585,3.96931,1.4794369,4.6782966,0.90257144,2.2230742,3.3757136,-2.6652098,0.5095785,reggae
0.3913434,0.094160885,1924.062787400072,2107.849824229109,4154.89154260594,0.08493448263351393,-201.14636,104.14866,-15.473289,30.804384,14.252319,31.42222,-7.8675547,17.963144,-4.055998,16.943933,-11.217154,12.121105,-5.2871842,-0.6866938,-1.3800297,3.9323616,-5.8617177,1.0428138,-2.9809184,-1.3651699,reggae
0.37093377,0.13927479,1637.926368499015,2045.9357051126199,3596.253253948578,0.05678045786571207,-177.68387,113.61754,2.3168962,35.84281,1.5947605,34.69798,-8.755847,16.296051,-9.335258,14.175696,-2.073437,13.14242,-7.24756,3.5860136,-0.5792319,4.835952,-3.5922866,3.772935,-4.3120456,-1.1142014,reggae
0.45854002,0.073211916,1699.8353933233093,2030.7174837332313,3787.3354318341235,0.061317467468072755,-223.36678,114.212555,-4.4246483,40.187866,-5.098537,24.676882,0.72357327,17.049505,-2.3657613,11.154623,-3.0846272,6.1296997,-5.6871753,3.5125508,-5.4818797,0.031667843,-4.8445797,-0.7003849,-3.639368,-2.8057823,reggae
0.44042617,0.21068911,2456.1544092561144,2559.7410978450016,5054.527769295424,0.08827233093072756,-105.70985,76.10178,19.510618,36.709297,3.7498507,11.684268,0.07589358,7.092369,7.6598434,10.457497,0.99036324,-2.1993623,-1.5104167,2.6376312,2.1172304,1.4288856,3.849298,5.6981025,-0.1335246,-1.5506123,reggae
0.2949428,0.061662752,2149.7748681954477,2037.0132045310904,4427.873225256385,0.10279038373161764,-233.61296,87.49834,-22.208412,52.046257,-8.596835,24.979408,-18.240002,1.8987327,-9.137018,-0.22734755,-17.065609,-3.0177426,-9.790682,-8.786685,-7.723597,-2.179231,-13.649117,-6.486292,-9.148554,-12.729436,reggae
0.39015487,0.12016339,2673.271677146015,2550.062750195988,5607.916089698626,0.11121021188080496,-123.73372,66.19565,8.181812,49.75968,8.538771,25.88335,-5.392044,12.895175,-2.5414345,6.796807,-3.5781765,7.636994,-2.0558965,4.918354,3.6648848,4.112981,-2.0491462,6.775934,-2.8278131,-2.379036,reggae
0.39388508,0.13875468,1754.5284525268162,2068.6260106561267,3841.8934352626743,0.07129926651993033,-184.51595,106.18037,4.02025,38.7377,8.408316,30.45933,-3.3555877,20.299545,-1.5513791,15.922177,-6.5210133,13.197273,-1.7158332,6.852844,-3.238749,1.8637652,-6.049035,3.5135026,-7.4141216,-1.7434589,reggae
0.3687391,0.10185106,1691.9918927541435,1963.6870059672185,3657.736215502854,0.06947274695239938,-194.59453,118.551735,-6.4070845,40.793236,-3.2897918,25.464678,-9.3052635,11.397985,-6.148848,15.341208,-5.157905,5.756853,-6.286323,5.865662,-2.8015065,2.584372,-4.7488213,4.5274935,-3.193351,-0.3205062,reggae
0.45757356,0.09121401,4283.044762530106,3112.0550806340652,7926.302070735778,0.22392041469136997,-120.324814,16.38332,25.04658,37.25922,9.280131,13.014446,3.2297337,5.967852,4.0833497,1.6961602,1.8896632,2.6729698,2.0346596,-1.7154503,2.1032038,3.2449563,-2.0760071,2.7732618,1.609771,-4.050147,reggae
0.37383953,0.07575375,1701.103192532159,2000.4313412268452,3693.844330495356,0.0655547812258127,-240.0093,108.75552,-8.202251,32.197624,-8.816146,18.640665,-4.701399,15.518405,-3.7182012,14.53697,-4.792444,6.4036317,-2.950023,2.4401052,-7.110957,-0.1551892,-3.1421583,-1.5445286,-3.737415,-0.8148629,reggae
0.44946608,0.19222166,2153.2951509096097,2667.525534673681,5073.910985421101,0.05106696255804954,-105.88102,87.99616,19.372707,30.624933,10.024096,18.020151,3.6549277,8.923996,5.8252344,8.8736725,5.664958,10.555123,5.9011645,6.104389,7.049708,5.0997863,4.4579997,2.1786814,1.396186,-1.2673674,reggae
0.43122938,0.18010452,2466.3392174966807,2006.314276490286,4722.8464415937015,0.13958721338041796,-67.13854,80.72981,-43.87338,57.724434,-12.790912,33.593773,-7.7334514,14.12505,-1.2325947,7.4195824,-2.0364292,6.110562,-6.631473,-1.005133,-4.7636833,1.0528471,3.4916244,4.533988,-1.2926296,-3.149142,reggae
0.3829874,0.08663683,1609.7558037303513,1990.2806356947433,3270.7802220394738,0.06057597535313467,-232.59305,131.23956,2.6628442,18.39239,11.31553,22.94038,-10.487953,16.763712,-15.250354,15.54302,-8.3801565,8.023414,-3.7811048,3.1112137,-1.412081,3.2603436,-4.10579,2.9342403,0.38328427,0.01220833,reggae
0.45464912,0.19221866,2148.603575494345,2665.358067100445,5064.42770943184,0.051022745138351394,-105.86874,88.181656,19.302425,30.579697,9.9836855,17.954727,3.6897566,8.92259,5.8549743,8.851583,5.623592,10.514845,5.916853,6.103881,7.0478773,5.083662,4.441309,2.1635664,1.4177475,-1.23278,reggae
0.33477828,0.11061871,1484.7434261821936,1644.3137702371994,2775.2082186955786,0.07602637323432662,-164.68898,142.69797,-41.473988,41.23485,16.18847,-5.570959,7.642461,5.6203566,0.80288535,-10.477527,-2.3480632,-0.4949835,-3.066412,-0.6133683,1.1345509,0.72807527,1.0431112,1.9845238,3.4986024,5.307884,reggae
0.37290984,0.10334067,2170.729333695411,2577.52397771507,4776.804448650349,0.07889861588138544,-177.29272,98.28518,14.7084675,21.133085,14.941088,10.188182,4.9731402,0.84379065,4.8304605,6.869421,3.5429008,-0.35623613,0.57787687,1.3758777,2.0128925,-0.30699244,-1.3682135,2.8996346,-0.97946554,-0.52165425,reggae
0.35863692,0.13193196,1923.7123234958624,2314.448964060523,4493.747826921682,0.06821916420762383,-157.72598,109.83527,8.463052,41.79172,5.113611,25.76081,-12.964585,22.066957,-15.514668,14.37268,-11.921097,11.602115,-10.62617,4.125747,-4.05151,3.4704785,-8.407583,1.7806461,-5.242627,-1.4668247,reggae
0.34867153,0.12365177,1811.3582154873116,2019.2526860338728,3854.901689936871,0.0721775680872678,-169.24367,110.447716,-8.553953,43.898693,0.26645714,26.64651,-14.365671,13.0268345,-11.142894,8.144698,-7.690254,10.909967,-8.172385,2.8046365,-6.414232,1.102362,-4.2614346,4.3270755,-3.4582467,1.2084918,reggae
0.34901142,0.08202816,1638.967412134596,1995.4037341423593,3575.111715121904,0.06396144241002322,-190.91765,127.40976,-3.763436,26.714157,-12.804946,23.936829,-8.22595,9.973001,-12.233066,13.44371,-7.0790296,1.651868,-14.517784,-3.2188618,-10.451733,-3.4889722,-9.745508,-3.9056642,-7.6496844,-3.542968,reggae
0.39610007,0.14007322,1729.221510067004,2362.468419705552,3520.153714112084,0.06049774453366873,-132.95238,117.0917,-2.7986,22.529333,25.91985,0.29016042,13.511028,3.3958857,4.522271,0.54295677,-0.072081305,5.0957727,-0.15914744,1.27157,3.068551,1.3972648,-0.5488078,0.13979928,-1.0481825,-0.04001164,reggae
0.43454266,0.07998149,1811.5147924120351,2166.312468392972,4119.283424590025,0.05923924874226006,-236.62389,91.683,1.8581253,45.465084,1.2693534,32.259144,9.05446,19.607552,-5.063745,10.95754,-4.013187,7.5379105,-0.33258328,5.808462,-1.819447,5.3802843,0.28315628,5.020354,-0.33738112,-0.8484344,reggae
0.38970286,0.17095791,2481.191325890234,2323.8040355304543,4846.387361225329,0.13506002987132354,-63.8221,88.25405,-27.603098,18.600967,-3.5774841,5.1981163,0.98382926,8.05298,-4.3961835,2.2758758,4.1544557,-2.208498,10.266527,1.8743329,6.291246,4.695101,-7.7507076,4.5987053,-1.5900239,0.63101155,reggae
0.31906396,0.1142016,1788.5445972751872,2121.0282353750026,3820.201899761755,0.07602221604102168,-150.91211,111.76167,2.915668,42.733353,-3.5954196,15.153264,3.4516783,0.18917765,-4.718382,3.858657,-0.8896032,-5.3516607,0.6894755,-1.2251097,-5.051313,-5.0716324,-8.564148,-7.9823356,-5.3022027,-1.4553043,reggae
0.4770484,0.19575419,2538.8183244874817,2644.457246211116,5260.409857687935,0.09431537828947369,-103.10473,67.230446,2.239865,28.497498,4.176846,11.877421,14.268195,14.30206,3.2598321,15.845577,8.033733,4.457916,8.679057,8.057954,7.979672,5.031801,3.738449,-0.32675508,-0.9385534,-1.0842905,reggae
0.42736626,0.075578645,2300.0529187574825,2303.614904048928,4920.020249310662,0.1137952302631579,-191.17175,96.34013,-17.656992,24.872458,-0.87806696,26.34468,-12.918912,19.642458,-9.785497,16.977057,-8.600344,11.421408,-8.215001,5.967795,-1.8638281,5.9602714,-8.060111,3.3991609,-2.6318386,-0.7988756,reggae
0.44927633,0.15244086,2454.215349177034,2820.883466207411,5582.274578082673,0.08757694586880804,-104.24897,83.94451,18.88155,28.945412,10.63566,9.320364,9.311715,6.524005,3.008459,2.4963024,2.7950144,-0.20271987,3.1010103,-2.2135162,-1.7472101,-1.5308084,-0.26908624,-0.9262979,-0.93775654,-3.5272477,reggae
0.37186238,0.09115262,2631.8490363841825,2827.839241374862,5700.073865766496,0.11201028262867647,-169.34058,83.9091,11.2032795,12.134804,21.077206,9.533383,0.93636596,2.1945176,0.87566555,1.6430135,-0.41765833,0.7432359,-4.7871585,-1.7297722,-2.0935743,-1.4278102,-4.6693873,-0.21244703,1.9530637,-1.2630275,reggae
0.3625444,0.12575796,2461.457562285525,2683.171027864963,5288.368021962075,0.08041447973103716,-142.78154,83.62423,21.906214,33.849457,4.6240497,4.162698,1.9368715,21.812687,-5.942346,0.5001416,17.423235,-11.433122,10.545723,2.2018428,1.4132797,1.7545954,-1.397631,2.0162969,-1.8893013,0.6375471,reggae
0.41585445,0.097581275,1910.6006441535096,2114.9895233091474,3939.834509693063,0.0833796923374613,-168.56569,109.54735,-20.666073,38.956314,7.9601226,0.33540112,6.036591,4.086572,-1.3609742,0.11973312,0.24298781,0.35119843,5.302458,3.6846154,2.8488917,4.4759326,0.80968976,3.0071368,1.5235857,2.4545727,reggae
0.47352478,0.17930914,2567.6720453746466,2630.235731297356,5315.526191073674,0.0994389300744969,-115.72032,67.04471,1.920735,29.123379,4.007428,12.044659,13.988451,14.918454,2.299447,17.055819,7.568181,4.992762,8.54755,8.288142,7.8985267,5.850146,3.1114366,0.05498644,-1.5452893,-1.2790092,reggae
0.36961177,0.13286576,2322.9386798777355,2804.1799088004796,5452.1336983601,0.08073911873548761,-121.493,89.57815,23.786146,32.767933,8.857056,-2.6159668,6.6278014,1.7668997,-2.951472,-3.0993512,-0.69749075,-5.4294267,-6.5477986,-4.704498,-3.2821007,-6.4664598,-6.659792,-4.4151874,-3.1623805,-3.9799314,reggae
0.29911515,0.025837054,2395.785250668999,2301.0001364932536,4792.521020281057,0.11853254099748452,-301.43973,77.22314,-13.575449,39.304367,1.6030005,16.892714,-7.250347,-3.6011555,1.1691409,-3.2648892,-8.437727,-3.601615,-2.6015778,-7.2349606,-2.4424508,0.7665415,-8.960348,-2.651947,-5.49749,-8.402103,reggae
0.39536205,0.18103953,3122.9386087150997,2918.2212026844577,6473.494188999613,0.1335615506482198,-74.0531,58.0152,9.140951,29.258945,12.535323,-0.18953325,0.165297,1.3719068,-5.0915,1.3520699,2.8511608,-1.560881,0.8852589,1.0400751,-4.336043,-3.7478497,-3.6638267,-1.0602559,-4.114144,-4.1376977,reggae
0.47352478,0.17930914,2567.6720453746466,2630.235731297356,5315.526191073674,0.0994389300744969,-115.72032,67.04471,1.920735,29.123379,4.007428,12.044659,13.988451,14.918454,2.299447,17.055819,7.568181,4.992762,8.54755,8.288142,7.8985267,5.850146,3.1114366,0.05498644,-1.5452893,-1.2790092,reggae
0.4694101,0.063052826,2004.3538474526456,2298.145721741871,4159.908178937693,0.08977950246710527,-251.39256,105.855774,2.2200258,32.484394,16.563276,8.290815,10.365558,5.5049367,0.86996233,8.355298,-0.63177365,9.898767,-1.8497394,4.418548,1.828983,4.246809,-0.20060068,2.2507565,0.9345551,1.2882607,reggae
0.47000408,0.1442626,2867.992801312542,2676.037975462006,5796.573282247727,0.13065151533475233,-127.364044,65.991806,4.458125,30.058987,16.647373,16.524986,-6.399657,15.28876,4.620023,5.1040297,5.58571,-0.76974225,6.062219,3.7929256,-2.186096,2.0060635,-5.561905,7.7648034,-1.5139073,5.000389,reggae
0.56960213,0.117365755,4276.113111170075,2877.5263742277384,7677.036911341428,0.27482940390383126,-154.96254,-1.5391543,22.38873,30.425213,2.1195714,28.596123,16.995514,13.418903,8.493891,6.4839716,9.772992,10.905426,2.1743824,1.638151,6.3485475,6.9075937,-7.8031516,4.694933,3.412506,0.66997,reggae
0.36217588,0.11165976,1606.560170615663,1974.1980410603148,3432.80424230239,0.07054114563177244,-206.49236,122.64486,-0.6156072,29.371662,10.252776,28.223461,-9.921396,13.379462,-8.442612,11.284242,-7.2747073,7.082518,-10.333574,1.9441683,-6.532225,-0.21489131,-7.540655,0.41365576,-1.6585841,-0.16716024,reggae
0.44672203,0.074202016,1615.9036118108686,2062.8677397297074,3560.1451389560757,0.059147790489551086,-249.42773,111.49365,11.282429,41.328266,-2.8851287,34.554276,0.4236469,22.346,-9.966396,10.208383,-2.82176,8.728781,-1.4477798,2.2692566,-3.8882205,-1.854963,-0.8423568,-0.93739474,-3.16979,-4.326779,reggae
0.3989742,0.0921382,2170.7030022441018,2054.8194306433775,4306.940623185952,0.12004009046052631,-138.1439,101.469475,-35.317055,36.162956,-9.493779,14.762183,-0.23332861,11.528228,-2.106009,3.4052167,4.2047963,0.13827957,9.009115,2.7621336,6.236876,5.7381325,-7.9380713,5.202521,-1.4864929,0.45219186,reggae
0.41850126,0.07841224,1995.6005146508544,2295.4662396097133,4557.697440227119,0.07032270401993033,-198.63281,102.41358,-10.031448,30.802383,-3.310605,20.276924,-5.637372,28.09563,-11.512123,18.202065,-7.365782,12.278468,-4.3605094,11.4029665,-3.4694688,2.0161307,-6.987337,1.1139202,-1.4947567,1.9552051,reggae
0.37851298,0.092480436,1797.298466871339,2103.079588509661,3926.451257286426,0.07512652984713622,-189.03761,110.847466,2.9524734,48.38527,-6.414885,20.739729,-12.550729,15.891009,-13.612209,9.429013,-8.036864,8.099243,-10.633535,-2.542348,-4.7125726,-1.0250483,-3.2118282,2.693958,-3.9863682,2.87678,reggae
0.3756998,0.12002136,3881.383875119963,3361.8478582878743,8250.366777827496,0.18931631554760062,-75.2325,44.85301,10.078608,1.148196,1.1562963,-3.1406858,0.13975984,0.07932752,-3.4337423,0.11067814,-1.928057,-2.314652,-0.07721775,-3.486144,-0.3764775,-2.7291493,2.5087376,-0.99313956,3.6319659,-2.5960574,reggae
0.3877295,0.20783828,3296.209659000533,3064.6375918381927,6908.908222777187,0.1218802153879644,-110.20218,48.548,29.644619,18.442467,-0.4723488,4.6547117,-2.2670708,-6.588416,-2.1527016,-0.15998118,-0.68459135,0.5441743,1.9038587,-1.0631889,1.7236897,0.8197152,-1.6870391,2.6605754,3.1008937,3.7421093,reggae
0.40271538,0.13427873,1840.8054757537875,2054.3627295419174,4007.0841030439724,0.07455850607101393,-171.67456,99.35704,-8.26629,49.604023,1.0877653,31.122862,-7.1348896,15.8882,-1.365409,12.733199,-5.1998997,11.8099785,-5.3254657,3.1670105,-6.69428,0.026681233,-7.726803,6.6970086,-3.7591054,-1.7928305,reggae
0.4100491,0.13910417,2025.3801449478724,2397.7380593665207,4461.0230248040825,0.06482538276412539,-134.68275,93.56443,8.52157,34.86943,3.2855153,15.515956,4.96384,8.545496,-1.2880831,2.734835,5.069407,11.860011,4.410374,2.062867,1.3174813,0.2947641,-2.326158,0.38394582,0.9154463,-0.4409345,reggae
0.45542738,0.18218318,2059.358899258583,2227.0664146910763,4552.972468798374,0.0723423441128096,-91.33978,98.830605,-23.198654,46.879734,-6.8574076,29.266342,-9.967305,25.659388,-10.211893,19.611229,-8.21838,13.407227,-6.499761,14.019779,0.41123566,12.5813265,0.34520727,10.107012,-0.43188694,1.2852141,reggae
0.38920078,0.12912783,1629.3916759342683,1886.700233620657,3259.1219592020607,0.06711183908184984,-147.08932,120.0933,-21.591429,39.640545,6.9491525,15.08743,-1.0081916,15.945315,2.5432355,4.5108304,0.022952951,4.3321266,4.63878,4.006374,3.0547185,0.542598,-6.1399174,-1.6537443,-0.7300299,0.19702479,reggae
0.42458442,0.16228151,2617.582608076272,2787.620433735666,5720.398742864744,0.10321517330205109,-69.031685,79.13812,13.089321,29.371025,0.26556155,4.15653,-0.44261396,0.18855526,2.8111448,0.59799904,-2.79805,-0.5165509,-3.1858015,-7.214459,-4.411958,-6.804216,-9.378361,-2.347947,-5.9510307,-7.3565593,reggae
0.5074149,0.10385959,1312.7373064527953,2137.460140238594,2649.925642928841,0.02594957853618421,-300.35507,99.25266,52.999855,43.226738,18.883028,24.848494,-7.9556093,22.175865,1.7826759,24.794258,8.393654,20.71345,2.8040097,9.560833,1.1138277,5.9031997,1.113888,4.182937,-2.2141094,-2.0283022,reggae
0.48730457,0.07285961,1640.0485302065745,1906.2950902164437,3494.9705330580014,0.06783783620356038,-256.31827,104.2626,-7.2731934,56.246433,11.09732,27.300398,5.8190866,17.783638,-1.2736727,14.663482,-3.464659,10.868228,-2.4614916,1.5637306,-3.7310216,-1.3596025,-4.2055964,1.3962826,-0.2764053,-1.6045077,reggae
0.34247676,0.10929273,2477.9298991117516,2309.8552804001843,4759.787884880515,0.1149788965750774,-140.31783,69.632965,-9.986165,52.16776,3.2691405,4.5593033,-3.4938633,2.9231503,-6.571258,-2.642122,-1.7314113,-6.9437375,-5.8254113,-2.692916,2.5455925,-1.8138262,-2.1630094,-2.9328246,-1.7962039,-2.7112763,reggae
0.35864207,0.095324196,2104.9458967015426,2311.3974771349967,4381.623504922117,0.07786158511513158,-194.80713,83.02939,-0.7573573,32.375305,2.8250601,23.16773,2.9668245,14.221725,8.545363,10.447763,7.0688825,8.804686,1.4087902,5.4087806,2.7515855,5.2473273,1.6427809,0.50761664,1.1411835,-1.5598167,reggae
0.39548975,0.11652951,1778.3264606974715,2174.118858547304,3821.9518891798084,0.06091951069078947,-151.77394,105.12452,-6.1661625,47.9461,11.34411,15.087999,11.635067,6.6077847,6.8175387,2.39761,-1.0347645,-0.22057208,-0.6423188,-4.031569,-1.719691,-0.6675688,-6.97883,-2.4290376,-1.1788956,-3.8099961,reggae
0.36248925,0.1267832,1709.0354342543874,1899.2199943519847,3582.7866687125097,0.07374974300986842,-177.34093,110.98353,-15.655527,36.77763,0.061219964,24.468962,-3.7678862,18.426622,-3.3727512,13.775833,-2.107057,8.593649,-5.9451194,2.9016979,-5.276312,-3.0622098,-6.2044888,2.0515823,-0.99100894,2.3013546,reggae
0.3646125,0.1003339,1798.6538836861723,1964.025053822455,3797.0103733310757,0.07305095660797213,-176.69528,116.838585,-21.32323,38.76649,-5.471617,26.622395,-8.185519,15.780884,-10.489777,11.041742,-10.061267,9.915603,-3.2601376,2.8171866,-2.5358467,-1.4068655,-9.888324,3.077434,-0.28200263,1.987751,reggae
0.3026155,0.03906876,2031.8882309842427,1850.2019356993098,3837.843459752322,0.10104549632352941,-296.08084,93.19381,-31.427439,29.488937,-18.94015,1.949197,-19.49847,-6.2451186,-24.019806,-7.0987697,-14.191153,3.270881,-10.612779,-2.7966275,-10.806494,-6.7087116,-8.496008,-3.1317632,-7.0599756,-4.7600565,reggae
0.4528192,0.09433407,2317.4758286832307,2334.685756399186,4680.663363335671,0.09380782277960527,-175.48697,78.023026,-2.5604963,52.867695,15.842403,24.755295,5.29587,8.655304,6.6522336,9.806407,-3.3547559,4.1186113,2.3579514,-3.3535118,0.7974128,-0.26391482,-6.331864,-6.457859,-1.256674,-6.4551954,reggae
0.66354144,0.35094303,4434.948742523192,2844.427231290672,7624.545562082769,0.2602225383368808,42.112865,37.42417,-7.9223094,4.4919896,8.947956,3.530841,3.085209,1.6274318,6.2675347,1.8218064,-0.561367,-0.394344,1.6282494,2.90749,0.3815026,-2.3099122,-4.1410394,-2.1888423,-3.3363502,-1.8612623,reggae
0.3243008,0.09348249,2322.2929756125877,2592.9071385788216,5228.026720171004,0.08097759046052631,-169.03961,79.50441,15.242741,42.741135,7.68792,17.028828,-5.982693,0.54102665,0.06319959,-0.94798857,0.83621585,-1.5890546,-2.892287,-4.030863,-5.7745085,-2.5853257,-6.522957,-6.593555,-2.8414476,-1.2010624,reggae
0.37581554,0.29808503,2080.8998101028196,2264.8255954836695,4366.306930872678,0.08281998294794891,-66.187775,97.88822,-18.8181,26.937904,14.0201845,6.0293303,9.445993,10.570344,-0.13658695,8.12607,10.541822,8.009013,3.8083315,4.012861,2.71313,0.42442942,-4.201879,0.1007372,0.14901488,-3.1472929,reggae
0.5022181,0.1900278,3288.43329145076,3252.779178641027,7285.10594796101,0.13413826673761609,-85.30076,60.94271,34.79015,19.804203,16.715721,7.975334,9.312554,11.364073,1.3941993,-0.08794788,6.407763,3.6292884,5.676822,7.2175846,-0.8390437,3.2431822,-2.6891913,0.36227468,4.7524176,0.33321753,reggae
0.4763551,0.08061355,3003.0228526329006,2214.713375068283,5294.126320475764,0.18643386888061145,-155.67242,57.027374,-35.247707,33.286343,-14.187575,25.281813,2.5339675,4.2479243,8.487786,4.5679884,2.8205202,2.5739944,2.8225193,3.6183274,-2.8702095,-7.497379,0.19377774,-1.4596341,-2.1718607,-0.05962714,reggae
0.37084782,0.107127175,2109.6362127896273,2528.099436488882,4606.555478122581,0.08934072961010062,-147.45055,113.27776,-6.2796283,9.0886135,24.541445,-9.80251,13.136196,-1.99092,-2.704551,12.230324,-4.1125245,-1.0004735,1.969945,1.4699807,0.0039844806,-3.0055423,-3.5841718,-3.887594,-0.51270247,-3.0621505,reggae
0.3702624,0.10052799,2174.1042292536513,2460.904693392289,4659.646823753144,0.08318468217879257,-162.50883,98.48663,-1.6052876,20.811716,12.058052,11.743512,6.093583,4.9583583,1.7059443,3.0551608,-0.85991347,4.1205864,3.4256604,-1.3976501,2.2798967,-3.710869,-6.5007567,2.585176,1.410147,2.229942,reggae
0.3979944,0.0688135,2314.4949684089943,2180.528443145433,4561.047419970249,0.12388965146091331,-159.94083,92.81089,-28.709528,31.464264,-6.6107235,12.638019,0.85226816,10.961096,-2.0749352,3.6662495,3.5795066,0.32305533,8.548466,2.8394167,6.7491617,4.8699255,-7.0079427,3.97035,-0.75895727,-0.32640773,reggae
0.37360558,0.11992645,1931.4896901504014,2205.638614424234,4123.183401007402,0.05904763992356811,-177.2906,89.63707,9.614039,65.46783,-1.0167571,15.514672,8.010463,16.342636,0.26795146,2.644518,2.8961606,0.6422158,2.5766916,2.8102422,-0.45532733,2.5262754,-1.4070921,-1.6532326,1.2065386,-1.8943056,reggae
0.461971,0.112905614,2525.883148548213,2840.031024653128,5595.957828675261,0.0822270160119969,-130.39252,84.28538,29.355722,23.84441,8.28788,13.86177,2.2291079,2.9254556,2.5764942,0.09832187,2.3406696,2.7464368,3.7561285,3.7823875,2.1226056,3.1364772,0.16150387,2.3938255,-4.115126,-1.7669309,reggae
0.3805537,0.14901283,2288.9314176081257,2534.0413134160685,5006.536392826045,0.06099963114357585,-136.78912,75.59191,-5.3334703,23.440128,0.76127434,12.292593,4.4802775,5.1578503,-0.07490851,9.033966,4.902392,2.3301926,5.4751735,0.66243315,1.474683,3.8372917,-1.5902516,-1.7209575,-4.4434395,-9.697896,reggae
0.43271825,0.14293236,3086.1860008884605,2974.065400197414,6572.1602590460525,0.13607514089106038,-94.140526,68.22995,3.9754806,7.6313868,12.791036,-3.185735,-3.9074442,3.817601,-6.1216516,-0.35184246,0.3375633,-4.6744213,-3.0098026,-2.9692578,-3.198095,-4.9229474,-5.001903,1.390498,-2.0881765,-2.08864,reggae
0.4448291,0.057322286,2113.391953819571,2595.2174679502996,4785.929393473055,0.06088285180437306,-265.695,80.61593,9.722023,36.657085,27.836796,12.086828,15.014478,15.116937,6.558819,6.284592,7.4860234,5.6445103,4.3496795,3.0850506,2.4041407,2.185563,2.4785862,1.2730665,-0.21760568,0.8088295,reggae
0.39582387,0.11948926,1797.4051726737525,1649.7447379348403,3440.079198311726,0.09941020764802631,-175.16914,116.62998,-55.129204,59.90558,1.96141,1.0681362,14.602347,-3.231406,2.7899194,5.709691,-1.8400207,7.874344,0.4065049,0.044500913,-1.1589999,-4.5109925,-2.9495676,-3.683358,-2.5156965,-7.0522876,reggae
0.40186626,0.10106945,2009.3766964303297,2140.9098581701182,4303.540643745163,0.08446849905669504,-175.64172,104.896675,-15.691055,27.549057,-8.112591,24.010681,-10.335524,18.850737,-8.387436,11.847503,-7.5933046,12.554909,-6.0446754,2.4995792,1.9082948,7.1437817,-3.3788836,12.449428,-3.339353,0.7524493,reggae
0.4876408,0.080515176,1814.19900091257,2187.883147011966,4068.258733129354,0.07047840980553406,-239.17886,98.96217,19.201757,50.7939,2.8389943,32.244686,-1.5015235,16.732334,-7.4521227,16.716908,1.4970655,16.05648,2.8027065,5.9377036,-6.308284,-1.0379032,-6.3440423,2.1457443,-6.6404223,-5.2613463,reggae
0.32676354,0.0567255,1366.429347381977,1737.328608890746,2562.884502588042,0.07119609254063468,-285.97363,138.68748,19.947647,35.24512,-7.9940906,7.078869,5.40513,-3.2063923,-1.1585745,3.2082617,1.496444,-4.035819,-6.3341928,-0.9289381,-4.363625,2.8833334,1.256657,1.9725599,0.7886768,-4.2886114,reggae
0.49041924,0.0919936,1578.9797524821934,2022.4438370808307,3540.945255055147,0.05862247242647059,-226.41882,103.35995,0.16650371,43.973858,10.650591,35.21007,8.444859,21.145638,-3.292662,15.537869,-3.0108564,11.102893,1.7772827,10.621121,-5.756462,-0.9837624,-4.132329,0.65941364,-3.7918532,-0.5790861,reggae
0.41680503,0.26777142,3094.02220916496,3135.97809929496,6973.949496148171,0.10088072029798761,-70.11166,54.362183,15.596426,19.821365,27.00525,13.251235,0.7004847,10.07565,6.6888304,-0.3047304,2.978181,6.0232983,1.092358,3.1697552,0.24927008,3.036563,-5.600443,-1.3141888,-1.9566276,-8.710367,reggae
0.4869623,0.063896276,1510.806650097002,1850.300559898857,3319.1299296754064,0.0658639252370356,-243.80943,123.347595,-15.570884,38.883972,6.487196,25.511734,3.0363462,17.17544,-0.21269178,8.98333,-2.487524,6.761613,-3.453196,3.256068,-3.4338741,-0.4797564,-2.5348227,-1.8623359,-4.9655194,-2.7182355,reggae
0.39458644,0.10636914,1907.3818844890318,2124.386654365797,4220.232814162878,0.07739862495162539,-170.92192,107.74946,-1.754548,46.44016,-0.19604303,24.946032,-10.681294,18.073284,-10.796636,11.152104,-7.2524505,6.203106,-6.464094,2.0463705,-2.4408727,2.5579045,-4.0423408,0.79381067,-3.7560375,-1.6679446,reggae
0.3694958,0.15138194,1052.002100832135,1401.116765374744,2054.704242151219,0.03803831874032508,-194.45695,157.13971,-14.128238,44.053364,3.4784284,17.465807,2.977247,5.8337626,3.0153103,1.0755275,2.591224,0.7998105,0.6491767,-2.4909732,0.8378124,1.3831849,-4.2748632,-0.53351516,-1.9673729,-1.3417833,reggae
0.4705853,0.082489036,1291.4824551695663,1746.2980689654737,2827.566235427148,0.04461386476876935,-238.86949,132.32365,-0.1248853,41.233845,2.4230247,19.093397,7.9688573,19.944677,-0.63158166,11.09816,-1.71954,9.940312,3.024708,2.210292,-7.8496413,-3.9856932,-4.919959,-2.1506605,-2.4111884,0.05067987,reggae
0.34243292,0.10510129,1418.2807056387023,1704.9426029358347,2881.0659119219235,0.060822383538119196,-207.34694,134.66907,-9.072049,38.461563,6.2944093,22.612713,-8.297776,16.307375,-8.460721,4.1607475,-4.3510075,6.3478723,-6.902563,0.95777446,-0.9435592,-2.5334969,-6.1084266,2.483578,-6.168631,-4.584958,reggae
0.43341032,0.071250305,2480.8459326909738,2521.7094790983374,5049.419466851296,0.10571062306501548,-174.81073,79.29307,-24.333023,17.978056,24.470284,15.726947,7.472576,4.225912,3.917073,4.806663,2.7606575,1.7235028,-2.3440123,-1.6011022,-4.455369,-0.37273797,-2.4354053,1.4890798,-0.32870978,-3.6642168,reggae
0.40373403,0.12768055,2086.531502835946,2317.960538492454,4678.97170689822,0.08737815644349846,-177.6134,89.95231,4.6052837,40.162792,0.16708228,23.182535,-9.905035,12.762709,-7.308214,18.732483,-5.7352557,6.1143456,-9.921317,0.27476832,-8.231639,3.8664117,-6.866093,2.178308,-2.3552923,1.8247565,reggae
0.39628837,0.09687516,2541.9768822749897,2725.503663441282,5475.575223279073,0.10153566720684984,-182.19391,83.517006,4.8448944,12.691204,30.071646,17.201649,6.1039777,7.6934514,7.147,8.883385,-2.1501875,5.713592,1.452256,-4.9398346,2.9155707,2.189585,-3.2314162,0.7591998,-1.6967705,-0.63379467,reggae
0.4359021,0.11218207,2321.139396040278,2118.8652143813893,4701.921568123549,0.12819952713815788,-84.21731,102.35073,-41.346848,47.032883,-16.961946,26.242182,-18.962618,18.802515,-21.695797,11.055486,-19.242598,5.2391276,-16.765684,1.1029646,-9.672751,1.0961789,-7.5460677,3.2413175,-4.718833,-0.31406578,rock
0.3944035,0.15381563,2140.7591092398616,2246.2626002303364,4832.445778861504,0.09116309198432662,-83.337296,103.880455,-13.938495,56.89741,-14.43038,32.19,-14.128749,19.159245,-9.344778,13.159195,-11.727715,8.406354,-9.399951,10.218947,-4.219932,5.618759,-6.3863773,1.8045051,-5.5758157,-0.43246743,rock
0.44438335,0.118928455,2794.3709144990316,2731.9420312720904,5877.406126795908,0.13764807166698917,-74.19892,76.74987,-3.812322,28.032587,8.144329,6.0188737,4.306132,0.5052438,2.8562198,-0.94191927,-2.3505528,-0.2828635,-1.4562793,-3.6081467,-1.5266334,-1.5142529,-5.0189967,-2.3985136,-2.9776542,-4.9498405,rock
0.3215302,0.14556131,1646.6339142770562,1701.4113691568673,3184.305744938806,0.0852647905379257,-93.35921,137.46545,-45.092747,37.819138,-9.423071,12.5912695,-7.4945707,5.548375,-3.7386365,-2.014053,-2.458912,-9.575428,-3.1775436,-5.5713496,-7.5064034,-5.6773906,-2.004129,-3.8710022,-6.2181416,-8.103474,rock
0.39876094,0.076425396,2006.0092476458422,2068.2248787337085,4147.166589317676,0.0976588954866486,-142.44208,116.238464,-32.19032,49.11461,-8.395414,22.872288,-18.311134,20.106487,-22.10691,10.796754,-13.001551,14.067452,-16.397627,4.1621156,-4.3573003,3.738004,-10.854526,1.8724991,-7.467166,-2.7979825,rock
0.4885189,0.17569767,3303.904679679877,2914.1478022639367,6719.434368499661,0.17756393007449692,-7.851339,59.508636,3.6690326,28.985016,4.1454854,10.275528,2.544892,7.594006,-1.384974,2.9601321,4.0424533,-0.75121945,1.054092,-3.0428936,-0.99321187,-0.6897627,-0.6888783,1.5260838,-0.46764645,0.5032029,rock
0.39313745,0.16569988,2334.758795031705,2208.2732556694846,4819.854188334462,0.12858085514222137,-42.66564,102.982056,-36.866947,44.53473,-11.986276,25.571468,-22.683823,28.340677,-19.273252,21.487629,-15.257315,11.752053,-11.5769415,4.783881,-13.031341,4.3557935,-11.95851,0.885914,-0.48164842,1.3000363,rock
0.35816488,0.05444213,1609.3699366383669,1796.9237162030495,3246.3053700355554,0.07628978811919504,-235.21822,123.893234,-22.541744,52.924854,-1.4473302,24.668274,-7.0728717,14.884823,-12.778574,16.709097,-2.9464371,10.071948,-15.021037,3.1123157,-7.1283135,1.7882501,-7.072692,0.021303868,-2.0276694,1.1558676,rock
0.45181865,0.11332251,2627.053081238353,2442.793427153663,5047.994475468025,0.14631922104779413,-71.165245,79.446724,-20.793613,30.656105,5.5383873,3.697484,4.694747,7.2714043,-5.4861765,2.490972,0.83799785,-0.58331907,-1.8935435,-4.7858295,-3.0449233,-3.8708224,-6.898971,-3.7814965,-4.804478,-4.8063464,rock
0.29976487,0.088340685,2072.9854708489925,2740.292600851444,4691.1049668633905,0.06909104102167182,-193.56299,98.39903,44.057728,23.779394,12.564506,8.4606695,2.1713908,-0.34650654,-8.192859,-9.118402,-5.235873,-4.838527,-1.3708208,-1.264208,3.2184038,3.6885915,1.3783066,2.711912,1.6968778,-1.7956172,rock
0.38052487,0.053521454,1935.4498295716771,2007.3329170232043,3982.742583567144,0.08359435468266253,-256.5845,103.170715,-8.463652,48.59315,-4.18311,17.341555,-6.668194,17.038635,-4.599119,5.3215876,-10.013156,8.242727,-6.199188,3.4362075,-3.6468937,1.6950725,-5.41009,-3.2497914,-3.8716662,-1.0307323,rock
0.39290723,0.10014721,2414.0028665552404,2338.9876968450667,5212.235148993808,0.11991915392801858,-123.72794,94.754234,-9.56672,53.26891,-13.758112,17.72808,-19.212337,25.29862,-18.70441,15.385912,-12.513975,9.367705,-11.601576,0.6617163,-6.9941535,3.3594759,-7.1411505,0.5074773,-8.740342,-1.47048,rock
0.40252107,0.07916758,2669.3593345236,2440.4637806887617,5445.8670695868805,0.13342209570917182,-123.345345,74.88169,-17.058037,31.609985,2.5446815,17.32831,-3.8152328,9.7234535,-7.237524,11.2586565,0.38198888,3.4685218,1.663686,-3.1594355,-1.0820167,0.31572533,-5.9876003,-0.31926414,-2.3376036,-4.321616,rock
0.34664512,0.06547274,2632.7402137243284,2550.5115793345662,5310.901219040247,0.13243306162925697,-156.23691,75.612015,-16.506855,16.341146,5.819572,6.018424,-4.133173,-3.7573888,-6.168894,-8.928881,-4.102285,-2.2225192,-4.6504216,-5.4141645,-4.6887226,-7.082146,-3.8898087,1.3867228,-2.0099483,-4.7289314,rock
0.41887888,0.16596873,2311.9417457073478,2060.772911227813,4527.939286837268,0.14058758526025542,-41.43264,105.41607,-43.95048,54.109116,-18.417746,23.525932,-17.617792,20.664486,-18.462946,17.481682,-15.181072,11.308914,-14.158966,2.8332052,-9.479148,3.3370883,-8.206202,3.6953027,-3.679185,-0.16170074,rock
0.40513122,0.15652086,2320.555690085727,2044.9181790505932,4466.88132271309,0.1434492459607198,-52.499744,99.70246,-47.39475,47.022385,-21.031916,22.886385,-18.293644,13.892617,-23.449202,13.509935,-18.669525,5.7055545,-12.89633,1.199084,-12.417318,0.37735382,-9.145066,1.5957402,-4.122616,0.30867198,rock
0.36242777,0.08383445,1398.5815744518927,1817.813570023843,3014.6734373488293,0.04873137577399381,-224.99405,123.669685,-9.775931,56.605717,10.427108,20.634146,-10.2572565,15.573306,-8.251973,12.805176,-9.004445,7.690067,-10.085665,-0.25135678,-5.283348,-2.8149064,-4.4212227,1.5605093,-5.046413,-3.5825655,rock
0.46137363,0.18442486,2459.3807747248898,2221.3829014466087,5024.202952665441,0.1428422957381966,-15.687384,100.098274,-37.590458,45.971,-20.773737,25.637003,-18.64387,26.516623,-20.163168,21.12962,-13.649132,10.978787,-15.535991,3.6814191,-7.7146077,3.9337337,-8.121839,6.9547644,-2.0548253,3.9079604,rock
0.38347784,0.22213958,2345.8857364588525,2378.3851718191527,4735.771363438467,0.1154928768382353,-26.406458,85.79429,-16.961445,35.260883,10.000134,10.668921,1.446997,4.7106347,-0.047283065,2.0705884,0.42054692,5.425936,-0.9531182,0.48480466,-1.5262778,-2.4637327,-5.8784075,-1.5509748,-6.8172965,-1.3808378,rock
0.33889946,0.07588579,1863.089813447186,2067.227436057664,3985.167568903589,0.06819006385448917,-204.65547,107.00345,-10.197383,45.559883,3.0363936,24.009129,-7.501371,20.058527,-5.1709247,8.742725,-10.101092,4.365464,-6.959642,4.693012,-8.222784,-0.82612294,-9.628689,-7.3938103,-9.437462,-3.1371036,rock
0.3692016,0.12612896,2638.867641788369,2512.4599236152003,5302.2179382135255,0.13247236600232198,-89.13876,81.39792,-12.569812,22.792751,-7.059606,-0.49249193,2.7757723,-3.4295094,-7.7128286,-0.8480601,-4.887398,-2.6848655,-5.2871976,-4.5962753,-2.9684243,-2.2058465,-3.5681212,-1.0009714,-0.501564,-0.9720014,rock
0.45540807,0.12869976,2188.176213337053,2350.7834228675147,4994.003135279605,0.10627675720781733,-103.93918,101.90094,-10.340606,43.67417,-11.524458,26.930704,-9.990091,25.02072,-14.218496,19.70191,-10.535613,12.671651,-12.685293,6.849957,-6.08656,5.4550934,-6.2356615,-1.4541352,-8.232369,-3.2686908,rock
0.37433743,0.107048035,2181.717912335607,2181.4968457518703,4691.004967468073,0.10637615192047213,-118.8187,104.41145,-29.167768,42.108837,-13.289313,29.063269,-20.876986,21.613054,-24.32235,10.711963,-15.105817,5.9485645,-11.778101,-0.90638256,-11.019617,-0.2010685,-6.916349,-1.2956272,-6.312216,-2.706534,rock
0.37617397,0.12820888,1181.5495135430565,1607.91698724318,2367.927348133949,0.04254093701625387,-178.59239,153.9898,-4.9494987,21.926918,-2.0618463,23.677855,-1.2919346,11.558473,-6.040379,4.9552402,-2.951673,5.406179,-4.121703,2.9820893,-5.3237634,-8.825106,-11.073638,-3.212779,3.8551219,3.5541477,rock
0.4088296,0.26079556,1717.3419433944864,1842.4239227784153,3362.8629985608554,0.0849809676131966,-14.937182,138.4251,-41.898537,22.075092,-18.672731,31.99365,-20.37348,15.692359,-17.35271,14.868898,-8.898109,12.249725,-5.8230095,9.966224,-3.1668832,1.9740733,-6.9242387,3.1174812,-2.987894,-6.678658,rock
0.39287674,0.16148923,2157.8298998957616,2060.213563519859,4244.366001566128,0.12160357306985294,-55.330616,114.44248,-34.06889,37.984398,-22.331318,18.526556,-18.157928,13.806142,-27.803474,18.161308,-14.623385,6.5552106,-8.269666,-2.2520113,-11.609422,2.4999235,-10.946987,0.7085559,-0.68018067,-0.06256293,rock
0.43161368,0.14718625,1711.1893544921813,2248.2556163675204,3614.6198095551954,0.06657442736551858,-91.89978,130.00648,1.7901883,11.658318,3.2286396,-1.9668545,-2.2121937,-0.8591418,-4.3378644,-3.5468602,-1.5544236,-0.54676145,0.4062907,-1.6508831,-4.570645,-2.974743,-4.2806687,-2.6867948,-3.5489159,-1.4507278,rock
0.40336832,0.16546212,1933.566634741674,2211.3363640320144,4360.040302099458,0.08172853074206657,-95.32931,112.44345,-2.0780854,47.044605,-10.373583,29.782087,-15.112976,20.185732,-12.674205,16.48886,-7.8574347,11.875228,-11.181129,8.876124,-4.9432883,0.91831636,-6.1078544,3.2313328,-8.072234,0.73191017,rock
0.30106091,0.08744087,2437.580126873773,2789.9159039702213,5497.925088132498,0.09894309029121517,-142.01543,96.99695,23.240543,10.443576,6.2821693,4.96788,1.0824392,1.095839,-4.841728,0.87658757,-3.455809,-2.011753,-5.8935356,-6.029564,-2.1259286,-6.162349,-0.32294697,5.0935416,0.12192108,1.6692508,rock
0.38312325,0.15269838,2263.522165083779,2150.409409887739,4603.71382863898,0.1229387879740712,-58.96633,106.565315,-31.794188,47.919727,-17.430267,27.756453,-14.035482,22.419859,-20.562475,19.568918,-14.586194,10.188966,-10.941551,4.5254526,-9.733946,4.6158075,-10.116572,1.464245,-3.0028908,-0.61609775,rock
0.45442817,0.16090843,2024.9672114930113,2215.1872549817717,4571.1473588973,0.09080821884674922,-79.84979,109.94089,-17.12664,47.195335,-11.945708,33.335598,-11.699731,23.630064,-13.667414,18.453718,-6.9371953,13.033835,-11.5834465,9.107575,-5.9558325,4.9159226,-8.709808,3.7020488,-5.097984,2.6259043,rock
0.38245007,0.09327282,2976.0030874979825,2423.21517682221,5926.6808288385255,0.1837358504256966,-95.476135,78.32375,-26.22216,44.237446,-22.4639,29.737852,-21.567053,23.95588,-16.578556,20.47006,-19.64269,13.886457,-12.624654,6.2482615,-7.6597004,7.405311,-9.414199,9.653332,-3.7787292,1.0691051,rock
0.31972647,0.060440347,2947.109224451956,3203.0152637796077,6983.207773497968,0.10857001620549536,-212.29836,65.75985,45.18236,19.730082,11.805886,8.061575,4.434145,4.215858,-2.3181689,-2.1899478,-1.6369861,-4.6518984,-3.7266169,-6.779794,-3.0030587,-6.520257,-10.924708,-3.3911235,-1.2092541,-3.1217554,rock
0.43683383,0.14855237,1874.829786811176,1984.0571930092751,3929.9762359713623,0.0767569054760062,-120.49428,117.59749,-27.599686,42.825844,-6.756322,21.662521,-12.098573,17.943407,-10.44806,12.27432,-6.567336,13.528419,-2.4130783,6.7037582,-3.146726,5.470715,-2.2395394,1.0572801,-1.6519227,-0.042325754,rock
0.3767896,0.20368445,1542.2216281068565,1591.9057963243026,2870.274310510594,0.07701994243421052,-62.381725,153.7731,-55.11629,28.017727,-6.8514695,17.47647,-22.606953,18.144703,-12.586429,4.4948955,-8.387153,7.2041183,-2.5257883,4.835433,-6.275536,-0.7265,-2.2768292,-5.2451553,-5.220955,-6.2829294,rock
0.4160887,0.14280498,3009.9775310236832,2777.974881715167,6130.82959437887,0.14474440063854488,-65.988464,61.27698,-1.9339224,35.323074,9.32019,7.569521,3.4152935,2.978025,4.6153226,2.916524,1.7740641,-0.3926039,-5.753547,-3.4833171,-3.6841917,-5.7191563,-3.9535747,-3.0872214,-2.726866,-0.9123459,rock
0.34371728,0.08229963,2336.111675735067,2099.3117468270684,4501.422780512287,0.11420150142705109,-174.94176,90.89378,-18.696543,41.621613,-8.88218,9.0975895,-12.460491,13.123887,-9.697833,4.3378363,-13.489968,6.743155,-10.383936,7.1506324,-5.7974553,0.7992594,-8.139413,-5.71643,-3.3642786,-0.42180905,rock
0.45723394,0.124116,1867.3888525990114,2422.4150789551077,4271.2075059258905,0.05698831753095975,-124.00578,109.503204,5.8832064,32.884655,10.982734,11.693244,12.679996,12.969648,1.649106,4.502443,9.673786,3.0551999,3.5307934,0.7348747,1.7676072,-0.6809697,-0.03991613,-1.0109476,-5.5597177,-0.84976196,rock
0.34563643,0.14587216,1659.8731482944434,1953.6246941311736,3580.9033467673667,0.0712066744872291,-132.35645,124.65598,-9.664943,46.45199,-6.2853246,30.5465,-11.1397705,20.411028,-11.213243,9.377024,-5.8245187,7.8290343,-8.728431,5.6276045,-4.078815,-0.6297497,-8.119383,-0.6760385,-7.61097,-0.20681725,rock
0.41648173,0.10687875,2471.302263920436,2102.1973629889744,4687.154990748355,0.15094504341621517,-70.11754,94.181656,-50.328033,46.9629,-16.114254,19.996183,-23.959724,16.344028,-22.188526,14.43519,-20.092634,12.150913,-14.765589,4.9094286,-13.623413,0.830443,-15.061136,-1.6045028,-16.089468,-2.1846843,rock
0.40853086,0.12686443,2301.691479215312,2355.025004721659,5091.869210163506,0.11154543283184984,-113.69889,94.93524,-4.118005,51.78671,-13.773854,34.333515,-17.59379,22.544245,-12.406815,17.202658,-9.234709,9.976575,-13.472091,7.5693436,-7.2697444,3.639086,-8.464248,0.396126,-9.225722,-0.28027305,rock
0.36551023,0.1804532,1529.317559052296,1845.2562029091948,3271.6468834655575,0.054981526944659444,-111.17635,134.16852,-24.66732,41.557487,-3.0730119,28.49442,-10.584972,14.932527,-14.398835,8.850726,-4.5540056,9.948248,-4.6702332,3.633746,-5.5481067,3.3697968,-4.949749,-1.4712838,0.09479024,-5.3280554,rock
0.46138147,0.13890298,2998.5568440596116,2691.3861118946566,5963.355607071159,0.15630366558630032,-58.289486,62.493954,-12.665307,31.92991,8.108557,2.252082,3.9014306,1.4481052,-2.7169507,1.1021156,-0.46053764,-2.3829656,1.2428724,-1.4979299,-0.4699666,1.0395392,-2.0701606,-1.5083193,-3.2080483,-5.0618963,rock
0.43190938,0.08158259,2077.166787874547,1926.8958101296082,4030.750626602409,0.12182428224167957,-125.06511,115.203316,-48.00468,52.8431,-13.491937,21.765406,-12.428559,20.139963,-18.370886,10.119688,-16.05544,10.486738,-17.959635,1.2157029,-11.54317,1.8466067,-12.854929,3.4517837,-12.594251,-2.1046698,rock
0.335779,0.09363885,2553.8992233935824,2219.133079512773,5123.794017118566,0.13617340182372292,-121.437996,89.518234,-33.493107,41.97275,-25.929998,23.02586,-20.269114,14.3506975,-16.349438,17.03437,-16.955423,9.14675,-10.111248,4.209027,-9.346901,1.6090037,-10.54901,1.0675745,-1.6545649,7.5426693,rock
0.42088565,0.19107996,2789.7940380072873,2648.769436715528,5836.38137486697,0.13500787599167957,-28.089373,65.62969,-7.35323,33.593567,11.073499,14.760504,2.1976209,10.06378,-0.3293839,10.136313,-2.748822,3.1914701,-1.6832665,-0.15931499,-1.6892452,1.850086,-3.969614,-1.6286492,-6.3913174,-3.8662078,rock
0.2942903,0.13574292,2295.565769219044,2207.4319000534083,4849.687341270801,0.11561872641737617,-88.29215,105.392944,-24.510698,41.848503,-22.376436,23.7342,-19.802423,15.150587,-27.119736,13.858991,-15.214505,8.941472,-12.804369,-1.1132386,-10.047707,1.7845187,-7.352938,7.100997,0.59577763,2.5131238,rock
0.3901254,0.122580044,3488.995725081282,3241.7483118458463,7660.57034424584,0.1751028716379644,-58.60115,64.89227,15.939432,5.449438,7.535342,9.880082,1.5892504,5.3452115,-1.2376223,-2.0299547,2.4436266,-0.7237526,-0.31555262,-1.4825039,3.2967114,3.6478634,-2.5096354,-1.1688025,-2.310104,-2.2162862,rock
0.3434581,0.10521845,1610.1897144525537,1816.200375043277,3381.4962192216526,0.0732932075996517,-156.26839,130.76775,-25.24617,43.496662,-12.144103,25.410446,-7.947458,17.621597,-8.632111,9.573705,-8.363631,5.776412,-7.044429,-1.8792279,-7.6914062,3.0032117,-6.4427137,-1.3017414,-7.824338,-4.1467524,rock
0.32189262,0.063018024,2256.0047067984306,2058.046199922889,4509.297732893528,0.12098982016737617,-185.45334,98.932434,-36.44243,44.426693,-17.757998,21.304087,-20.296019,13.779586,-15.489941,11.040959,-16.792246,2.3260267,-12.639382,0.14767684,-4.3978405,-2.4671633,-8.983907,6.8625965,-6.707403,-1.2103511,rock
0.4159105,0.17382123,2342.335377421103,2112.8387079444346,4594.60555038216,0.13848895849458204,-34.623486,106.51091,-41.07483,33.66884,-27.234531,21.39769,-21.319239,14.007782,-27.776123,16.06719,-18.824478,5.6543655,-14.290796,0.8202117,-10.535016,4.442194,-7.468856,2.0718625,-2.9032278,-0.36146128,rock
0.42839462,0.21663715,2841.8971917238737,2619.2254650844693,5885.356078723636,0.14617523098877708,-0.45102072,72.64673,-13.214343,23.9304,10.37319,10.31697,-4.9242163,14.358382,-0.67119634,9.922937,0.70188177,5.224046,-4.06671,0.36133885,-0.3102703,-1.3569223,-6.1766877,1.0102044,-3.3962123,1.3683001,rock
0.34322384,0.12337732,1536.9871799571386,2036.9220735430445,3415.26268170714,0.05433413856907895,-169.74,119.115036,7.1711025,53.43089,4.141936,23.130688,-5.713852,24.995335,-9.326622,13.470992,-14.286962,5.954389,-13.598767,0.7701702,-10.46875,0.08046498,-4.3727255,1.1727632,0.48743033,-5.829124,rock
0.3296278,0.05309907,1711.662555940787,2310.122655480772,3492.653880399816,0.0558345074255031,-302.79382,116.1644,44.757294,25.957436,18.726185,7.5729103,7.33575,4.0423317,-4.186881,0.8677527,0.92390484,2.8157294,1.4195158,-3.4723825,-0.9045976,0.5782953,-0.81601304,-2.3739433,0.37611797,-1.8671849,rock
0.39033827,0.09645353,2945.1945450846843,2831.66679013786,6334.811694260352,0.11496000024187307,-131.44669,67.71616,32.899063,34.589863,-3.2580535,21.883932,-5.811073,10.241139,-7.0569263,2.2975733,-4.367959,-3.330299,-6.280027,-0.2306787,-1.9748887,-1.8929431,-0.87943023,0.95149106,-1.5379335,-1.1708618,rock
0.41510257,0.14910567,2510.355618928361,2115.2851364492385,4735.371365857198,0.15789020172213622,-47.051178,95.76597,-43.925438,52.077534,-22.552746,20.855412,-18.687845,19.244207,-21.265245,21.887394,-19.218746,9.456286,-12.582293,3.886905,-8.500132,6.272657,-9.128361,2.6871688,-2.4433756,-1.8786509,rock
0.39097285,0.076273166,2521.464032225308,2133.3603289642856,4830.495790652815,0.14632451202109134,-160.12103,88.731476,-35.493244,47.491817,-12.622672,17.308823,-19.139456,14.591329,-20.38044,11.096237,-11.14557,7.704707,-9.86575,6.991698,-10.1352005,3.0655293,-7.9491673,0.7073345,-4.936253,-2.6115527,rock
0.3946422,0.14123225,1720.5912503156892,2311.946198635383,3810.018628005273,0.053289549269543345,-145.0086,118.483894,20.532213,28.56977,2.352551,10.085842,11.913156,4.8564005,-0.06745915,3.2937672,3.4043336,3.6531587,5.371289,2.2605517,1.8730618,0.8674155,-1.1843064,0.81313926,1.8204097,1.7971773,rock
0.3579821,0.14438899,1878.0900592313533,2204.2156100836396,4285.4407531927245,0.07173048084365326,-130.98988,111.015495,-2.1539202,41.78767,-3.1985116,34.658474,-17.61137,19.87679,-9.144963,14.890434,-6.8441687,9.199764,-6.9749994,6.3184733,-9.634725,0.5111287,-12.7766695,-4.8862424,-2.513124,-3.1215756,rock
0.36799285,0.05409812,2512.1443220871984,2245.287385595275,5130.4689767559985,0.13914088199013158,-202.22823,75.2136,-14.220877,66.31179,-8.289174,24.374107,-16.250933,17.125217,-21.291754,3.9677851,-19.749535,0.48966843,-4.503657,-5.3664308,-8.973073,-0.048069533,-8.041708,-0.51930845,-6.8042564,-8.449042,rock
0.44043094,0.13374001,1596.5231665437616,2237.464364196617,3824.085209613245,0.046099872411958204,-211.2083,95.768036,40.58083,68.30281,5.315103,30.973608,-5.2704706,22.828838,-1.6150587,17.489035,-11.487264,8.734694,-10.456017,5.723828,-7.892422,3.7275314,-6.6275187,-1.2788178,2.79431,6.27499,rock
0.378793,0.10167485,2115.9838949624827,2245.276673705662,4689.613309216573,0.09280102614647832,-119.17547,107.44643,-10.9727545,58.55446,-12.931377,26.831795,-17.640741,19.371054,-15.608501,13.5666485,-16.67103,11.872087,-12.187864,5.232598,-6.1726127,4.253888,-8.042082,3.5274677,-7.682268,-1.3451049,rock
0.44274235,0.13879743,2047.1451067117212,2070.5379260009317,4096.083564876403,0.101985399937113,-92.62163,101.8119,-33.4674,48.702255,12.402114,20.80687,8.704764,9.274925,2.767546,5.239056,-9.331888,-3.4845622,-4.3514476,-4.6579022,-3.9693062,-3.1256862,-7.000377,-0.39668345,-1.1515988,-6.0074587,rock
0.38914114,0.101931095,2629.3044231854665,2210.6104193984875,5086.752574436436,0.14670470624516255,-90.21276,80.05299,-46.369427,56.045853,-8.1013775,27.48543,-17.328846,22.971903,-17.603975,18.40145,-17.44811,7.651446,-19.300837,1.1936777,-14.480706,4.5198193,-12.764398,2.9961743,-6.416897,2.2562983,rock
0.4186011,0.18004598,2444.584086039301,2433.7847632338085,5172.310390413361,0.11148874383223684,-42.44762,85.06941,-7.393643,40.71379,-1.0123376,18.935547,-3.5306556,5.873621,-5.017307,4.2433105,-3.18037,-0.5721077,-0.5273755,2.3468528,-0.36309695,-4.0984545,-3.8541589,-3.913746,-5.7824683,-4.3283887,rock
0.340701,0.11328633,2187.2085144317775,2449.201009853284,4463.723008477651,0.08860566224845201,-181.2551,103.40521,9.393452,19.0761,13.793491,-0.49876627,4.3651223,-7.6066046,-8.104536,-0.14549997,-5.163272,-6.3069296,-5.464432,-5.976899,-1.1781267,-2.6688557,-5.18494,-5.285638,-5.797174,-3.718739,rock
0.4022149,0.16064365,2807.30058491141,2688.503510869627,5678.490662943837,0.14837174076044893,-35.39913,73.67545,-20.210777,17.162956,14.95129,10.214683,7.6044693,1.5989147,4.177347,0.73554486,-0.3854457,-1.3131807,-2.0491898,2.5269115,3.6032965,-3.539565,-4.791194,-2.50546,-3.9842033,-0.82724804,rock
0.38013273,0.15116914,1421.4880254979382,1902.5448382109196,3042.939933091863,0.04309724506578947,-156.60326,130.69366,-1.4667754,36.238716,0.3727364,31.98139,-0.62276256,20.141378,-11.335083,13.838637,-3.7762728,11.534398,-3.2221887,5.0622377,-1.7910409,3.539682,-2.4512618,-0.7277513,-1.417935,0.631532,rock
0.4426954,0.14427856,2559.2817874296557,2731.086714396661,5447.483726477844,0.12278761730843653,-50.866234,86.39504,-14.416372,12.843614,21.69903,4.2386103,1.738163,3.7064326,4.691947,-1.8630103,-1.1926677,-0.010121396,-4.1189137,-5.764848,-1.0660444,2.3003085,-1.5742459,-3.8516486,-6.1434116,-5.374652,rock
0.41147804,0.21929601,2794.963091628599,2633.9623220905196,5862.422884064193,0.14055017052051083,-15.92807,67.1531,-20.121902,15.576831,4.8012633,10.825859,5.9594,11.79642,-0.3968154,5.6550355,0.113723874,1.0979241,-1.741559,5.704884,-0.59419173,1.7240589,-1.5776427,1.5810983,0.4128151,2.9387238,rock
0.34351164,0.1057426,1939.9141779559488,1881.6834034743356,3749.093996408185,0.09836637420181889,-114.74584,119.291725,-50.724567,42.631332,-6.70927,19.714178,-16.887064,19.393305,-17.415947,17.311916,-10.866727,6.6682115,-15.753816,3.5555303,-7.7599893,3.3880162,-7.6890497,1.6226147,-10.70739,-0.5426021,rock
0.36006528,0.11669326,2148.470108846473,2107.138585057226,4479.506246371904,0.1091164981617647,-91.38539,112.11523,-27.342018,47.98102,-19.60664,27.728474,-18.553402,17.43945,-13.161743,14.429665,-15.21798,11.52909,-12.585803,0.90807706,-10.44846,-0.61977965,-13.491329,3.3084347,-3.7047017,1.0890839,rock
0.34448835,0.180115,1675.4999364261103,1653.1161464908168,3253.7969914014125,0.0872942567240712,-98.37914,136.61774,-46.718246,46.476067,-17.166424,10.520159,-14.581245,16.550785,-12.337285,3.6909728,-12.654891,2.955455,-12.512315,0.09740488,-0.7801599,-5.6959476,-8.634934,-1.9017957,-2.187008,-3.3913453,rock
0.39820716,0.15343888,1857.8624034566847,2182.352453903645,4191.499654575029,0.07170251427051083,-108.98643,114.95591,-5.1985493,46.20658,-9.133125,20.515316,-17.02516,24.21472,-8.057451,13.438205,-18.381252,8.588359,-11.40596,1.8842711,-10.553582,-0.25984448,-11.800163,-6.504356,-4.308151,-2.7400777,rock
0.4435838,0.10825303,2474.554693163817,2123.3128660945194,4754.654582587558,0.15018352118808048,-74.3017,100.113205,-47.370808,49.62339,-18.414452,24.620584,-15.914734,23.90129,-22.833792,23.336365,-16.948915,14.932429,-11.504433,4.2273135,-13.630017,4.4797974,-11.667687,4.327967,-10.59787,-0.8430544,rock
0.37273654,0.20868327,1345.8882551385968,1841.7380789268302,2939.2572267136707,0.04109914679276316,-127.97257,134.44722,1.0256715,54.43773,-0.46697336,35.828335,-10.860182,16.37975,-10.032893,6.6001387,-6.699803,11.046618,-8.38289,2.1126184,-6.342354,0.99545914,-5.3295326,-0.84125084,-4.668553,-4.7869086,rock
0.35925552,0.15703405,1282.2760121933156,1729.5806039581284,2675.950485560178,0.04718867913119195,-140.44441,149.30034,-10.059849,38.748177,1.5280198,20.12901,-11.3314705,16.294489,-13.25733,10.190114,-9.253552,4.700296,-8.369612,2.275822,-6.5116596,-1.624959,-6.4911227,-4.7229075,-2.5751219,-1.7881641,rock
0.36134955,0.096998475,1561.5465305371351,1568.9776889574518,3243.230388629547,0.0789651309742647,-172.59167,142.76537,-55.78309,79.311134,-1.8683825,4.8111424,0.23752719,-11.501948,-0.2754564,-9.37254,-7.673829,-11.250282,-5.6764617,-11.295421,-7.6816225,-4.2779303,-11.279209,-7.8292427,-7.725134,-8.160577,rock
0.3600939,0.042979974,2209.342049406717,2175.09754039341,4575.447332895947,0.10714712231520898,-245.18567,95.09854,-21.243845,45.65592,-3.562467,14.982029,-20.670311,19.526783,-21.713743,7.3274703,-9.289677,0.81875396,-13.016046,0.061690293,-8.233159,1.0623904,-8.035914,-0.39860132,-4.353721,-4.2199006,rock
0.45865026,0.16931798,2224.311094028381,2287.9866204722503,4918.4952585320725,0.11005866933533281,-61.65256,103.55278,-16.907658,49.269325,-14.810511,31.711088,-17.215971,24.628935,-14.4823885,18.026224,-11.670496,11.484824,-9.816042,8.860339,-8.570697,4.4052935,-8.278597,1.599329,-7.0265865,-0.82084537,rock
0.3613118,0.12062349,2428.532242218463,2501.839158266494,5034.1112260848,0.11816519627999227,-83.09335,91.52499,-13.697015,16.139076,10.334053,5.530343,-9.448829,-6.6147943,-3.031773,4.9391313,2.6464746,1.0551015,-3.6679463,-1.6078455,-4.42887,-1.8596182,2.0090718,-1.0240623,-3.177301,-2.2925801,rock
0.48023722,0.14070792,2209.573799429134,2142.797814244651,4594.563883967444,0.11580542218943499,-67.55527,109.12109,-32.731323,45.65722,-11.6996975,27.494364,-16.34174,22.087679,-15.454763,19.404106,-11.621107,11.5910225,-10.521068,4.4448214,-7.0101905,5.0378428,-6.7615223,3.8130212,-2.6553204,-0.055493534,rock
0.2557003,0.1546425,2495.6204189789773,2249.630520076519,5212.826812082769,0.1206425055630805,-89.05669,86.216606,-24.418585,47.11008,-33.645477,29.479248,-19.750383,21.647642,-16.756107,6.54962,-13.397908,7.489511,-12.868063,8.592251,-7.8963995,11.499058,0.67941767,9.798441,-2.1312425,0.58830625,rock
0.36864844,0.10433086,2606.2565496233246,2318.678720331894,5339.184381349168,0.1496808787248452,-88.000725,93.53732,-23.228851,48.129993,-21.446268,27.758793,-20.340559,18.754475,-15.226568,16.130507,-21.412472,10.8740835,-12.021344,5.1280565,-7.2995195,4.6578507,-10.173712,5.4932036,-4.375101,0.31258523,rock
0.36877757,0.16165073,3030.4355509553056,3055.3172102045473,6731.709294274865,0.12080841536861456,-66.34945,66.78923,25.184574,26.302906,5.30007,10.462487,2.478275,0.75630575,-0.37080538,1.7285492,3.213731,5.036755,-1.9407184,-3.0750816,0.38418493,-0.77638555,3.7200177,2.4019525,0.20658399,-1.6939888,rock
0.33953157,0.051181402,2424.966690601346,2927.5616529347903,5645.7575275432955,0.0865675037490325,-219.12524,94.35542,42.787422,16.11604,9.527346,12.908823,7.7212768,2.3854547,-1.0225297,-1.9537667,-1.9797302,3.15038,-0.8850411,-6.862013,-5.066963,-4.0098577,-5.596728,-4.9922543,-2.514644,-4.291658,rock
0.35199177,0.07944141,2008.5370455020434,2106.3492062217856,4254.124275892512,0.08926665598393962,-153.61652,109.894516,-23.10659,59.00746,-7.527993,19.730124,-16.486074,18.08352,-22.215626,15.403847,-12.37847,12.349251,-12.316456,5.77813,-10.268909,1.8052695,-13.300427,2.4732287,-6.719623,-1.1992695,rock
0.39610803,0.10099384,2077.5446322647385,2333.931430395513,4495.3894836614745,0.09130519241002322,-142.48468,116.16892,2.2694678,31.065388,6.192661,0.110362425,0.3172529,7.7940245,3.2462351,-3.022173,1.7105086,0.7426471,0.14290626,-4.416969,-4.471246,0.51342785,1.2327409,-0.15891491,-2.616297,-4.4491615,rock
0.42024067,0.13984786,2740.1544161420566,2541.9072917634526,5327.292786589348,0.1440289854634288,-62.079945,75.84869,-26.757467,18.279898,2.452302,5.8261967,11.583856,0.009005898,8.69518,5.5144095,-0.25100034,2.3990037,-1.7422585,-3.1716588,2.005428,-1.4090079,-5.526299,-2.5283453,0.61924934,-1.4051204,rock
0.3113982,0.14432807,1652.179327113778,2104.3964275714657,3456.8540968762095,0.06892966633610681,-118.357124,130.22548,-3.072004,15.734303,3.9399164,10.663592,6.834913,3.3929513,0.7619887,-2.5365586,-3.107043,-2.8583643,-1.6224065,-0.20532198,0.73339415,2.0148191,2.0788786,4.1505575,3.1571193,2.254137,rock
0.32352042,0.12781934,1673.575889634683,1947.700443030449,3430.0292590823337,0.07488654641544118,-119.11726,128.92801,-17.856237,29.17547,2.7212584,8.001319,-7.058392,3.8778896,-1.5081707,-3.9838595,-7.040402,-2.8670533,-4.1777964,-1.8459401,-2.9485059,-2.2536001,-0.5701704,-0.09753909,-2.7966611,-2.6330166,rock
0.39521196,0.114652164,2294.29156586485,2104.1855406762206,4730.413062506047,0.12912129027186534,-95.29631,103.81674,-37.02142,52.69777,-20.764065,27.576885,-17.536627,24.813131,-11.30056,16.644619,-9.249601,10.187893,-8.786781,1.8505752,-3.9489753,2.1735625,-6.692844,5.1056447,-9.69792,-3.9585342,rock
0.4091429,0.19013545,3361.7673453402167,2933.2024987219434,6920.5248191998835,0.18757331777283281,4.066039,52.615936,-11.04076,19.70849,11.2908325,7.0625377,5.064019,4.561151,0.028141245,5.1483927,3.3997624,1.1702251,0.5825347,1.2787391,0.7192796,-0.8079883,-3.0096502,-1.706633,-1.6908512,-1.2908862,rock
0.4054853,0.10329776,2797.3841277517295,2891.8717359302464,6205.454143134433,0.13467605638061145,-82.66665,83.48527,-0.57394695,10.4842,10.418732,7.0719404,5.0804205,0.083452635,-0.20796469,-0.9347754,-0.097189344,-1.6991581,-1.0245148,0.17488037,2.396556,-0.44954687,0.8480217,-1.8520992,-4.513158,-3.2022777,rock
0.39817157,0.15241936,2188.2645254060567,2120.224007635576,4432.373198045666,0.11758961397058823,-56.943455,115.21054,-30.444605,37.203808,-21.994804,21.870764,-19.770649,14.999988,-24.074703,17.787264,-17.27864,6.7524276,-10.744573,0.8234407,-10.163564,3.6828911,-8.563291,-0.91321594,-2.526801,-1.9751112,rock
0.40842345,0.089476675,2591.1167911589937,2078.651676970424,4889.828765207769,0.16178095672890866,-118.014465,84.04934,-50.27966,46.06395,-17.695772,20.860384,-21.651596,16.678535,-12.957173,12.82873,-13.105275,11.298574,-12.607103,4.3842344,-12.077613,0.66667587,-6.7942414,4.46434,0.23727927,0.4337641,rock
0.31144074,0.04701054,2569.1052765811332,2345.280318493239,5365.809220352409,0.13768964360003869,-203.3139,85.38172,-11.569644,54.7784,-11.6098585,20.572912,-27.770658,18.878082,-31.65644,10.709887,-11.932767,4.121625,-4.0036116,1.7300508,-7.909239,4.3267803,-11.2378845,-1.188488,-5.0319805,-2.365042,rock
0.35677302,0.106816106,2581.8092292667184,2376.373190446792,5391.134067216525,0.13921608939628483,-94.30161,91.88178,-17.588514,45.523945,-15.698274,32.63909,-18.020702,21.573336,-15.734346,16.79548,-18.303877,13.337474,-15.461038,5.206252,-11.223153,6.2125125,-7.9550314,7.7081137,-4.6095533,0.5266358,rock
0.3874028,0.12913728,1995.8245086755817,2096.9118028235707,4226.8911072344235,0.09019522179760062,-116.63067,109.278175,-23.151482,40.68846,-11.896855,23.155592,-15.398655,15.127643,-13.522636,12.6959505,-10.886422,8.505528,-11.578758,2.1894617,-6.19637,2.0095894,-7.949273,2.0847368,-2.3866873,-1.5323068,rock
0.4021151,0.09121902,2467.0646621546953,2398.9630032602154,5402.500665150928,0.11828008598587461,-121.09559,91.74797,-14.70961,52.973698,-11.412966,31.003344,-17.491764,24.202194,-24.778625,17.11352,-15.88606,10.376737,-8.625382,7.1491237,-11.833608,3.1751003,-10.365116,1.5153399,-10.351568,-2.4806504,rock
